name,size,type,alignment,armor_class,hit_points,speed,str,dex,con,int,wis,cha,saving_throws,skills,damage_resistances,damage_immunities,condition_immunities,senses,languages,challenge_rating,xp,traits,actions,source
Ape,Medium,beast,unaligned,12,19 (3d8+6),"30 ft., climb 30 ft.",16,14,14,6,12,7,,Athletics +5; Perception +3,,,,Passive Perception 13,,1/2,100,,"Multiattack: 2 fists. Fist: +5 to hit, 5ft, 1d6+3 bludgeoning. Rock: +5 to hit, range 25/50, 1d6+3 bludgeoning.",Basic
Awakened Shrub,Small,plant,unaligned,9,10 (3d6),20 ft.,3,8,11,10,10,6,,,,,Vulnerability fire; Resistance piercing,One language known by creator,Passive Perception 10,,0,"10,False Appearance (indistinguishable from normal shrub when motionless).","Rake: +1 to hit, 5ft, 1d4-1 slashing.",Basic
Awakened Tree,Huge,plant,unaligned,13,59 (7d12+14),20 ft.,19,6,15,10,10,7,,,Vulnerability fire; Resistance bludgeoning piercing,,,Passive Perception 10,One language known by creator,2,450,False Appearance (indistinguishable from normal tree when motionless).,"Slam: +6 to hit, 5ft, 3d6+4 bludgeoning.",Basic
Axe Beak,Large,beast,unaligned,11,19 (3d10+3),50 ft.,14,12,12,2,10,5,,,,,,Passive Perception 10,,1/4,50,,"Beak: +4 to hit, 5ft, 1d8+2 slashing.",Basic
Baboon,Small,beast,unaligned,12,3 (1d6),"30 ft., climb 30 ft.",8,14,11,4,12,6,,,,,,Passive Perception 11,,0,10,Pack Tactics (advantage if ally within 5ft of target).,"Bite: +1 to hit, 5ft, 1d4-1 piercing.",Basic
Badger,Tiny,beast,unaligned,10,3 (1d4+1),"20 ft., burrow 5 ft.",4,11,12,2,12,5,,,,,,Darkvision 30 ft.; Passive Perception 11,,0,10,Keen Smell (advantage on Perception checks relying on smell).,"Bite: +2 to hit, 5ft, 1 piercing.",Basic
Bat,Tiny,beast,unaligned,12,1 (1d4-1),"5 ft., fly 30 ft.",2,15,8,2,12,4,,,,,,Blindsight 60 ft.; Passive Perception 11,,0,10,Echolocation (loses blindsight if deafened); Keen Hearing.,"Bite: +0 to hit, 5ft, 1 piercing.",Basic
Black Bear,Medium,beast,unaligned,11,19 (3d8+6),"40 ft., climb 30 ft.",15,10,14,2,12,7,,Perception +3,,,,Passive Perception 13,,1/2,100,Keen Smell.,"Multiattack: bite + claws. Bite: +3 to hit, 5ft, 1d6+2 piercing. Claws: +3 to hit, 5ft, 2d4+2 slashing.",Basic
Blink Dog,Medium,fey,lawful good,13,22 (4d8+4),40 ft.,12,17,12,10,13,11,,Perception +3; Stealth +5,,,,Passive Perception 13,"Blink Dog, understands Sylvan",1/4,50,Keen Hearing and Smell.,"Bite: +3 to hit, 5ft, 1d6+1 piercing. Teleport (recharge 4-6): teleport with belongings up to 40ft to unoccupied space; can attack with advantage on bite if it does so before or after.",Basic
Boar,Medium,beast,unaligned,11,11 (2d8+2),40 ft.,13,11,12,2,9,5,,,,,,Passive Perception 9,,1/4,50,"Charge (if moves 20ft straight then hits with tusk on same turn target takes extra 3 slashing and STR save DC11 or knocked prone); Relentless (recharge after short/long rest: damage that would reduce to 0 HP reduces to 1 instead, if damage ≤7).","Tusk: +3 to hit, 5ft, 1d6+1 slashing.",Basic
Brown Bear,Large,beast,unaligned,11,34 (4d10+12),"40 ft., climb 30 ft.",19,10,16,2,13,7,,Perception +3,,,,Passive Perception 13,,1,200,Keen Smell.,"Multiattack: bite + claws. Bite: +5 to hit, 5ft, 1d8+4 piercing. Claws: +5 to hit, 5ft, 2d6+4 slashing.",Basic
Camel,Large,beast,unaligned,9,15 (2d10+4),50 ft.,16,8,14,2,8,5,,,,,,Passive Perception 9,,1/8,25,,"Bite: +5 to hit, 5ft, 1d4+3 bludgeoning.",Basic
Cat,Tiny,beast,unaligned,12,2 (1d4),"40 ft., climb 30 ft.",3,15,10,3,12,7,,Perception +3; Stealth +4,,,,Passive Perception 13,,0,10,Keen Smell.,"Claws: +0 to hit, 5ft, 1 slashing.",Basic
Constrictor Snake,Large,beast,unaligned,12,13 (2d10+2),"30 ft., swim 30 ft.",15,14,12,1,10,3,,,,,,Blindsight 10 ft.; Passive Perception 10,,1/4,50,,"Bite: +4 to hit, 5ft, 1d6+2 piercing. Constrict: +4 to hit, 5ft, 1d8+2 bludgeoning + grappled (escape DC 14); creature is restrained until grapple ends.",Basic
Crab,Tiny,beast,unaligned,11,2 (1d4),"20 ft., swim 20 ft.",2,11,10,1,8,2,,Stealth +2,,,,Blindsight 30 ft.; Passive Perception 9,,0,10,Amphibious (breathe air and water).,"Claw: +0 to hit, 5ft, 1 bludgeoning.",Basic
Crocodile,Large,beast,unaligned,12,19 (3d10+3),"20 ft., swim 30 ft.",15,10,13,2,10,5,,Stealth +2,,,,Passive Perception 10,,1/2,100,Hold Breath (15 minutes).,"Bite: +4 to hit, 5ft, 1d10+2 piercing + grapple (escape DC 12); creature restrained until grapple ends.",Basic
Deer,Medium,beast,unaligned,13,4 (1d8),50 ft.,11,16,11,2,14,5,,,,,,Passive Perception 12,,0,10,,"Bite: +2 to hit, 5ft, 1d4 piercing.",Basic
Dire Wolf,Large,beast,unaligned,14,37 (5d10+10),50 ft.,17,15,15,3,12,7,,Perception +3; Stealth +4,,,,Passive Perception 13,,1,200,Keen Hearing and Smell; Pack Tactics (advantage if ally within 5ft of target).,"Bite: +5 to hit, 5ft, 2d6+3 piercing + STR save DC 13 or prone.",Basic
Draft Horse,Large,beast,unaligned,10,19 (3d10+3),40 ft.,18,10,12,2,11,7,,,,,,Passive Perception 10,,1/4,50,,"Hooves: +6 to hit, 5ft, 2d4+4 bludgeoning.",Basic
Eagle,Small,beast,unaligned,12,3 (1d6),"10 ft., fly 60 ft.",6,15,10,2,14,7,,Perception +4,,,,Passive Perception 14,,0,10,Keen Sight.,"Talons: +4 to hit, 5ft, 1d4+2 slashing.",Basic
Elephant,Huge,beast,unaligned,12,76 (8d12+24),40 ft.,22,9,17,3,11,6,,,,,,Passive Perception 10,,4,1100,Trampling Charge (if moves 20ft straight and hits with gore on same turn target STR save DC 12 or prone; if prone elephant can stomp).,"Gore: +8 to hit, 5ft, 3d8+6 piercing. Stomp: +8 to hit, 5ft prone target only, 3d10+6 bludgeoning.",Basic
Elk,Large,beast,unaligned,10,13 (2d10+2),50 ft.,16,10,12,2,10,6,,,,,,Passive Perception 10,,1/4,50,Charge (if moves 20ft straight and hits with ram on same turn target takes extra 7 damage and STR save DC 13 or prone).,"Ram: +5 to hit, 5ft, 1d6+3 bludgeoning. Hooves: +5 to hit, 5ft prone target only, 2d4+3 bludgeoning.",Basic
Flying Snake,Tiny,beast,unaligned,14,5 (2d4),"30 ft., fly 60 ft., swim 30 ft.",4,18,11,2,12,5,,,,,,Blindsight 10 ft.; Passive Perception 11,,1/8,25,Flyby (no opportunity attack from creatures it leaves reach of).,"Bite: +6 to hit, 5ft, 1 piercing + 3 (1d6) poison damage.",Basic
Frog,Tiny,beast,unaligned,11,1 (1d4-1),"20 ft., swim 20 ft.",1,13,8,1,8,3,,Perception +1; Stealth +3,,,,Darkvision 30 ft.; Passive Perception 11,,0,0,"Amphibious; Standing Leap (long jump 10ft, high jump 5ft, with or without running start).","Bite: -1 to hit, 5ft, 1 piercing.",Basic
Giant Ape,Huge,beast,unaligned,12,157 (15d12+60),"40 ft., climb 40 ft.",23,14,18,7,12,7,,Athletics +9,,,,Passive Perception 11,,7,2900,,"Multiattack: 2 fists. Fist: +9 to hit, 10ft, 3d10+6 bludgeoning. Rock: +9 to hit, range 50/100, 7d6+6 bludgeoning.",Basic
Giant Badger,Medium,beast,unaligned,10,13 (2d8+4),"30 ft., burrow 10 ft.",13,10,15,2,12,5,,,,,,Darkvision 30 ft.; Passive Perception 11,,1/4,50,Keen Smell.,"Multiattack: bite + claws. Bite: +3 to hit, 5ft, 1d6+1 piercing. Claws: +3 to hit, 5ft, 2d4+1 slashing.",Basic
Giant Bat,Large,beast,unaligned,13,22 (4d10),"10 ft., fly 60 ft.",15,16,11,2,12,6,,,,,,Blindsight 60 ft.; Passive Perception 11,,1/4,50,Echolocation; Keen Hearing.,"Bite: +4 to hit, 5ft, 1d6+2 piercing.",Basic
Giant Boar,Large,beast,unaligned,12,42 (5d10+15),40 ft.,17,10,16,2,7,5,,,,,,Passive Perception 8,,2,450,"Charge (extra 7 damage and prone DC 13); Relentless (1/short rest, 10 damage threshold).","Tusk: +6 to hit, 5ft, 2d6+3 slashing.",Basic
Giant Centipede,Small,beast,unaligned,13,4 (1d6+1),"30 ft., climb 30 ft.",5,14,12,1,7,3,,,,,,Blindsight 30 ft.; Passive Perception 8,,1/4,50,,"Bite: +4 to hit, 5ft, 1d4+2 piercing + CON save DC 11 or 10 (3d6) poison; on success half. If poison reduces to 0 HP target stable but poisoned and paralyzed for 1h.",Basic
Giant Constrictor Snake,Huge,beast,unaligned,12,60 (8d12+8),"30 ft., swim 30 ft.",19,14,12,1,10,3,,Perception +2,,,,Blindsight 10 ft.; Passive Perception 12,,2,450,,"Bite: +6 to hit, 10ft, 2d6+4 piercing. Constrict: +6 to hit, 5ft, 2d8+4 bludgeoning + grapple (escape DC 16).",Basic
Giant Crab,Medium,beast,unaligned,15,13 (3d8),"30 ft., swim 30 ft.",13,15,11,1,9,3,,Stealth +4,,,,Blindsight 30 ft.; Passive Perception 9,,1/8,25,Amphibious.,"Claw: +3 to hit, 5ft, 1d6+1 bludgeoning + grapple (escape DC 11). Two grapples max.",Basic
Giant Crocodile,Huge,beast,unaligned,14,85 (9d12+27),"30 ft., swim 50 ft.",21,9,17,2,10,7,,Stealth +5,,,,Passive Perception 10,,5,1800,Hold Breath (30 min).,"Multiattack: bite + tail. Bite: +8 to hit, 5ft, 3d10+5 piercing + grapple (escape DC 16). Tail: +8 to hit, 10ft, 2d8+5 bludgeoning + STR save DC 16 or prone.",Basic
Giant Eagle,Large,beast,neutral good,13,26 (4d10+4),"10 ft., fly 80 ft.",16,17,13,8,14,10,,Perception +4,,,,Passive Perception 14,"Giant Eagle, understands Common and Auran",1,200,Keen Sight.,"Multiattack: beak + talons. Beak: +5 to hit, 5ft, 1d6+3 piercing. Talons: +5 to hit, 5ft, 2d6+3 slashing.",Basic
Giant Elk,Huge,beast,unaligned,14,42 (5d12+10),60 ft.,19,16,14,7,14,10,,Perception +4,,,,Passive Perception 14,"Giant Elk, understands Common Elvish Sylvan",2,450,Charge (extra 7 dmg and prone DC 14).,"Ram: +6 to hit, 10ft, 2d6+4 bludgeoning. Hooves: +6 to hit, 5ft prone target only, 4d8+4 bludgeoning.",Basic
Giant Fire Beetle,Small,beast,unaligned,13,4 (1d6+1),30 ft.,8,10,12,1,7,3,,,,,,Blindsight 30 ft.; Passive Perception 8,,0,10,Illumination (sheds bright 10ft and dim 10ft of red light).,"Bite: +1 to hit, 5ft, 1d6 slashing.",Basic
Giant Frog,Medium,beast,unaligned,11,18 (4d8),"30 ft., swim 30 ft.",12,13,11,2,10,3,,Perception +2; Stealth +3,,,,Darkvision 30 ft.; Passive Perception 12,,1/4,50,"Amphibious; Standing Leap (long 20ft, high 10ft).","Bite: +3 to hit, 5ft, 1d6+1 piercing + grapple (escape DC 11). Swallow: bite a Small or smaller grappled creature; restrained inside; takes 1d6 acid damage at start of frog's turns.",Basic
Giant Goat,Large,beast,unaligned,11,19 (3d10+3),40 ft.,17,11,12,3,12,6,,,,,,Passive Perception 11,,1/2,100,Charge (extra 5 dmg DC 13 prone); Sure-Footed (advantage on STR/DEX saves vs prone).,"Ram: +5 to hit, 5ft, 2d4+3 bludgeoning.",Basic
Giant Hyena,Large,beast,unaligned,12,45 (6d10+12),50 ft.,16,14,14,2,12,7,,Perception +3,,,,Passive Perception 13,,1,200,"Rampage (after dropping creature with bite, bonus action move up to half speed and bite again).","Bite: +5 to hit, 5ft, 2d6+3 piercing.",Basic
Giant Lizard,Large,beast,unaligned,12,19 (3d10+3),"30 ft., climb 30 ft.",15,12,13,2,10,5,,,,,,Darkvision 30 ft.; Passive Perception 10,,1/4,50,,"Bite: +4 to hit, 5ft, 1d8+2 piercing.",Basic
Giant Octopus,Large,beast,unaligned,11,52 (8d10+8),"10 ft., swim 60 ft.",17,13,13,4,10,4,,Perception +4; Stealth +5,,,,Darkvision 60 ft.; Passive Perception 14,,1,200,Hold Breath (1h); Underwater Camouflage; Water Breathing.,"Tentacles: +5 to hit, 15ft, 2d6+3 bludgeoning + grapple (escape DC 16); restrained until grapple ends; can grapple only one. Ink Cloud (recharge 5-6, while underwater): 20ft cube heavy obscure 1 minute, dash as bonus action.",Basic
Giant Owl,Large,beast,neutral,12,19 (3d10+3),"5 ft., fly 60 ft.",13,15,12,8,13,10,,Perception +5; Stealth +4,,,,Darkvision 120 ft.; Passive Perception 15,"Giant Owl, understands Common Elvish Sylvan",1/4,50,Flyby; Keen Hearing and Sight.,"Talons: +3 to hit, 5ft, 2d6+1 slashing.",Basic
Giant Poisonous Snake,Medium,beast,unaligned,14,11 (2d8+2),"30 ft., swim 30 ft.",10,18,13,2,10,3,,Perception +2,,,,Blindsight 10 ft.; Passive Perception 12,,1/4,50,,"Bite: +6 to hit, 10ft, 1d4+4 piercing + CON save DC 11 or 10 (3d6) poison; success half.",Basic
Giant Rat,Small,beast,unaligned,12,7 (2d6),30 ft.,7,15,11,2,10,4,,,,,,Darkvision 60 ft.; Passive Perception 10,,1/8,25,Keen Smell; Pack Tactics.,"Bite: +4 to hit, 5ft, 1d4+2 piercing.",Basic
Giant Scorpion,Large,beast,unaligned,15,52 (7d10+14),40 ft.,15,13,15,1,9,3,,,,,,Blindsight 60 ft.; Passive Perception 9,,3,700,,"Multiattack: 2 claws + 1 sting. Claw: +4 to hit, 5ft, 1d8+2 bludgeoning + grapple (escape DC 12). Sting: +4 to hit, 5ft, 1d10+2 piercing + CON save DC 12 or 22 (4d10) poison; success half.",Basic
Giant Sea Horse,Large,beast,unaligned,13,16 (3d10),swim 40 ft.,12,15,11,2,12,5,,,,,,Passive Perception 11,,1/2,100,Charge (target STR save DC 11 or prone); Water Breathing.,"Ram: +3 to hit, 5ft, 1d6+1 bludgeoning.",Basic
Giant Shark,Huge,beast,unaligned,13,126 (11d12+55),swim 50 ft.,23,11,21,1,10,5,,Perception +3,,,,Blindsight 60 ft.; Passive Perception 13,,5,1800,Blood Frenzy (advantage on attacks vs creatures without all HP); Water Breathing.,"Bite: +9 to hit, 5ft, 3d10+6 piercing.",Basic
Giant Spider,Large,beast,unaligned,14,26 (4d10+4),"30 ft., climb 30 ft.",14,16,12,2,11,4,,Stealth +7,,,,Blindsight 10 ft. Darkvision 60 ft.; Passive Perception 10,,1,200,Spider Climb; Web Sense; Web Walker.,"Bite: +5 to hit, 5ft, 1d8+3 piercing + CON save DC 11 or 9 (2d8) poison; success half. If poison reduces to 0 HP target stable poisoned 1h paralyzed. Web (recharge 5-6, range 30/60): DEX save DC 12 or restrained; HP 5; AC 10; vulnerability fire; immune to bludgeoning poison psychic.",Basic
Giant Toad,Large,beast,unaligned,11,39 (6d10+6),"20 ft., swim 40 ft.",15,13,13,2,10,3,,,,,,Darkvision 30 ft.; Passive Perception 10,,1,200,Amphibious; Standing Leap (long 20 high 10).,"Bite: +4 to hit, 5ft, 1d10+2 piercing + CON save DC 11 or poisoned 1h + grapple (escape DC 13). Swallow.",Basic
Giant Vulture,Large,beast,neutral evil,10,22 (3d10+6),"10 ft., fly 60 ft.",15,10,15,6,12,7,,Perception +3,,,,Passive Perception 13,understands Common but can't speak,1,200,Keen Sight and Smell; Pack Tactics.,"Multiattack: beak + talons. Beak: +5 to hit, 5ft, 2d4+2 piercing. Talons: +5 to hit, 5ft, 2d4+2 slashing.",Basic
Giant Wasp,Medium,beast,unaligned,12,13 (3d8),"10 ft., fly 50 ft.",10,14,10,1,10,3,,,,,,Passive Perception 10,,1/2,100,,"Sting: +4 to hit, 5ft, 1d6+2 piercing + CON save DC 11 or 10 (3d6) poison and poisoned 1h; success half no poisoned.",Basic
Giant Weasel,Medium,beast,unaligned,13,9 (2d8),40 ft.,11,16,10,4,12,5,,Perception +3; Stealth +5,,,,Darkvision 60 ft.; Passive Perception 13,,1/8,25,Keen Hearing and Smell.,"Bite: +5 to hit, 5ft, 1d4+3 piercing.",Basic
Giant Wolf Spider,Medium,beast,unaligned,13,11 (2d8+2),"40 ft., climb 40 ft.",12,16,13,3,12,4,,Perception +3; Stealth +7,,,,Blindsight 10 ft. Darkvision 60 ft.; Passive Perception 13,,1/4,50,Spider Climb; Web Sense; Web Walker.,"Bite: +3 to hit, 5ft, 1d6+1 piercing + CON save DC 11 or 7 (2d6) poison; success half. If poison reduces to 0 HP target stable poisoned 1h paralyzed.",Basic
Goat,Medium,beast,unaligned,10,4 (1d8),40 ft.,12,10,11,2,10,5,,,,,,Passive Perception 10,,0,10,Charge (extra 2 dmg DC 10 prone); Sure-Footed.,"Ram: +3 to hit, 5ft, 1d4+1 bludgeoning.",Basic
Hawk,Tiny,beast,unaligned,13,1 (1d4-1),"10 ft., fly 60 ft.",5,16,8,2,14,6,,Perception +4,,,,Passive Perception 14,,0,10,Keen Sight.,"Talons: +5 to hit, 5ft, 1 slashing.",Basic
Hunter Shark,Large,beast,unaligned,12,45 (6d10+12),swim 40 ft.,18,13,15,1,10,4,,Perception +2,,,,Blindsight 30 ft.; Passive Perception 12,,2,450,Blood Frenzy; Water Breathing.,"Bite: +6 to hit, 5ft, 2d8+4 piercing.",Basic
Hyena,Medium,beast,unaligned,11,5 (1d8+1),50 ft.,11,13,12,2,12,5,,,,,,Passive Perception 11,,0,10,Pack Tactics.,"Bite: +2 to hit, 5ft, 1d6 piercing.",Basic
Jackal,Small,beast,unaligned,12,3 (1d6),40 ft.,8,15,11,3,12,6,,,,,,Passive Perception 13,,0,10,Keen Hearing and Smell; Pack Tactics.,"Bite: +1 to hit, 5ft, 1d4-1 piercing.",Basic
Killer Whale,Huge,beast,unaligned,12,90 (12d12+12),swim 60 ft.,19,10,13,3,12,7,,Perception +3,,,,Blindsight 120 ft.; Passive Perception 13,,3,700,Echolocation; Hold Breath (30 min); Keen Hearing.,"Bite: +7 to hit, 5ft, 5d6+4 piercing.",Basic
Lion,Large,beast,unaligned,12,26 (4d10+4),50 ft.,17,15,13,3,12,8,,Perception +3; Stealth +6,,,,Passive Perception 13,,1,200,Keen Smell; Pack Tactics; Pounce (move 20ft+claw=DC 13 STR or prone+free bite); Running Leap (long jump 25ft running).,"Bite: +5 to hit, 5ft, 1d8+3 piercing. Claw: +5 to hit, 5ft, 1d6+3 slashing.",Basic
Lizard,Tiny,beast,unaligned,10,2 (1d4),"20 ft., climb 20 ft.",2,11,10,1,8,3,,,,,,Darkvision 30 ft.; Passive Perception 9,,0,0,,"Bite: +0 to hit, 5ft, 1 piercing.",Basic
Mammoth,Huge,beast,unaligned,13,126 (11d12+55),40 ft.,24,9,21,3,11,6,,,,,,Passive Perception 10,,6,2300,Trampling Charge.,"Gore: +10 to hit, 5ft, 4d8+7 piercing. Stomp: +10 to hit, 5ft prone only, 4d10+7 bludgeoning.",Basic
Mastiff,Medium,beast,unaligned,12,5 (1d8+1),40 ft.,13,14,12,3,12,7,,Perception +3,,,,Passive Perception 13,,1/8,25,Keen Hearing and Smell.,"Bite: +3 to hit, 5ft, 1d6+1 piercing + STR save DC 11 or prone.",Basic
Mule,Medium,beast,unaligned,10,11 (2d8+2),40 ft.,14,10,13,2,10,5,,,,,,Passive Perception 10,,1/8,25,Beast of Burden (counts as Large for carrying capacity); Sure-Footed.,"Hooves: +2 to hit, 5ft, 1d4+2 bludgeoning.",Basic
Octopus,Small,beast,unaligned,12,3 (1d6),"5 ft., swim 30 ft.",4,15,11,3,10,4,,Perception +2; Stealth +4,,,,Darkvision 30 ft.; Passive Perception 12,,0,10,Hold Breath (30 min); Underwater Camouflage; Water Breathing.,"Tentacles: +3 to hit, 5ft, 1 bludgeoning + grapple (escape DC 10). Ink Cloud (recharge 5-6, underwater).",Basic
Owl,Tiny,beast,unaligned,11,1 (1d4-1),"5 ft., fly 60 ft.",3,13,8,2,12,7,,Perception +3; Stealth +3,,,,Darkvision 120 ft.; Passive Perception 13,,0,10,Flyby; Keen Hearing and Sight.,"Talons: +3 to hit, 5ft, 1 slashing.",Basic
Panther,Medium,beast,unaligned,12,13 (3d8),"50 ft., climb 40 ft.",14,15,10,3,14,7,,Perception +4; Stealth +6,,,,Passive Perception 14,,1/4,50,Keen Smell; Pounce (DC 12).,"Bite: +4 to hit, 5ft, 1d6+2 piercing. Claw: +4 to hit, 5ft, 1d4+2 slashing.",Basic
Plesiosaurus,Large,beast,unaligned,13,68 (8d10+24),"20 ft., swim 40 ft.",18,15,16,2,12,5,,Perception +3; Stealth +4,,,,Passive Perception 13,,2,450,Hold Breath (1h).,"Bite: +6 to hit, 10ft, 3d6+4 piercing.",Basic
Polar Bear,Large,beast,unaligned,12,42 (5d10+15),"40 ft., swim 30 ft.",20,10,16,2,13,7,,Perception +3,,,,Passive Perception 13,,2,450,Keen Smell.,"Multiattack: bite + claws. Bite: +7 to hit, 5ft, 1d8+5 piercing. Claws: +7 to hit, 5ft, 2d6+5 slashing.",Basic
Pony,Medium,beast,unaligned,10,11 (2d8+2),40 ft.,15,10,13,2,11,7,,,,,,Passive Perception 10,,1/8,25,,"Hooves: +4 to hit, 5ft, 2d4+2 bludgeoning.",Basic
Pteranodon,Medium,beast,unaligned,13,13 (2d8+4),"10 ft., fly 60 ft.",12,15,14,2,9,5,,,,,,Passive Perception 9,,1/4,50,Flyby.,"Bite: +3 to hit, 5ft, 1d6+1 piercing.",Basic
Quipper,Tiny,beast,unaligned,13,1 (1d4-1),swim 40 ft.,2,16,9,1,7,2,,,,,,Darkvision 60 ft.; Passive Perception 8,,0,0,Blood Frenzy; Water Breathing.,"Bite: +5 to hit, 5ft, 1 piercing.",Basic
Rat,Tiny,beast,unaligned,10,1 (1d4-1),20 ft.,2,11,9,2,10,4,,,,,,Darkvision 30 ft.; Passive Perception 10,,0,10,Keen Smell.,"Bite: +0 to hit, 5ft, 1 piercing.",Basic
Raven,Tiny,beast,unaligned,12,1 (1d4-1),"10 ft., fly 50 ft.",2,14,8,2,12,6,,Perception +3,,,,Passive Perception 13,,0,10,Mimicry.,"Beak: +4 to hit, 5ft, 1 piercing.",Basic
Reef Shark,Medium,beast,unaligned,12,22 (4d8+4),swim 40 ft.,14,13,13,1,10,4,,Perception +2,,,,Blindsight 30 ft.; Passive Perception 12,,1/2,100,Pack Tactics; Water Breathing.,"Bite: +4 to hit, 5ft, 1d8+2 piercing.",Basic
Rhinoceros,Large,beast,unaligned,11,45 (6d10+12),40 ft.,21,8,15,2,12,6,,,,,,Passive Perception 11,,2,450,Charge (DC 13 prone +9 dmg).,"Gore: +7 to hit, 5ft, 2d8+5 bludgeoning.",Basic
Riding Horse,Large,beast,unaligned,10,13 (2d10+2),60 ft.,16,10,12,2,11,7,,,,,,Passive Perception 10,,1/4,50,,"Hooves: +5 to hit, 5ft, 2d4+3 bludgeoning.",Basic
Saber-Toothed Tiger,Large,beast,unaligned,12,52 (7d10+14),40 ft.,18,14,15,3,12,8,,Perception +3; Stealth +6,,,,Passive Perception 13,,2,450,Keen Smell; Pounce (DC 14).,"Bite: +6 to hit, 5ft, 1d10+4 piercing. Claw: +6 to hit, 5ft, 2d6+4 slashing.",Basic
Scorpion,Tiny,beast,unaligned,11,1 (1d4-1),10 ft.,2,11,8,1,8,2,,,,,,Blindsight 10 ft.; Passive Perception 9,,0,10,,"Sting: +2 to hit, 5ft, 1 piercing + CON save DC 9 or 4 (1d8) poison; success half.",Basic
Sea Horse,Tiny,beast,unaligned,11,1 (1d4-1),swim 20 ft.,1,12,8,1,10,2,,,,,,Passive Perception 10,,0,0,Water Breathing.,,Basic
Spider,Tiny,beast,unaligned,12,1 (1d4-1),"20 ft., climb 20 ft.",2,14,8,1,10,2,,Stealth +4,,,,Darkvision 30 ft.; Passive Perception 10,,0,0,Spider Climb; Web Sense; Web Walker.,"Bite: +4 to hit, 5ft, 1 piercing + CON save DC 9 or 1 poison; success half.",Basic
Swarm of Bats,Medium,swarm of Tiny beasts,unaligned,12,22 (5d8),"0 ft., fly 30 ft.",5,15,10,2,12,4,,,Resistance bludgeoning piercing slashing,,Charmed Frightened Grappled Paralyzed Petrified Prone Restrained Stunned,Blindsight 60 ft.; Passive Perception 11,,1/4,50,Echolocation; Keen Hearing; Swarm (occupies tiny creature space; can't gain HP/temp HP).,"Bites: +4 to hit, 0ft, 2d6 piercing (or 1d6 at half HP).",Basic
Swarm of Insects,Medium,swarm of Tiny beasts,unaligned,12,22 (5d8),"20 ft., climb 20 ft.",3,13,10,1,7,1,,,Resistance bludgeoning piercing slashing,,Charmed Frightened Grappled Paralyzed Petrified Prone Restrained Stunned,Blindsight 10 ft.; Passive Perception 8,,1/2,100,Swarm.,"Bites: +3 to hit, 0ft, 4d4 piercing (or 2d4 at half).",Basic
Swarm of Poisonous Snakes,Medium,swarm of Tiny beasts,unaligned,14,36 (8d8),"30 ft., swim 30 ft.",8,18,11,1,10,3,,,Resistance bludgeoning piercing slashing,,Charmed Frightened Grappled Paralyzed Petrified Prone Restrained Stunned,Blindsight 10 ft.; Passive Perception 10,,2,450,Swarm.,"Bites: +6 to hit, 0ft, 2d6+4 piercing (or 1d6+4 half) + CON save DC 10 or 14 (4d6) poison; success half.",Basic
Swarm of Quippers,Medium,swarm of Tiny beasts,unaligned,13,28 (8d8-8),swim 40 ft.,13,16,9,1,7,2,,,Resistance bludgeoning piercing slashing,,Charmed Frightened Grappled Paralyzed Petrified Prone Restrained Stunned,Darkvision 60 ft.; Passive Perception 8,,1,200,Blood Frenzy; Swarm; Water Breathing.,"Bites: +5 to hit, 0ft, 4d6 piercing (or 2d6 half).",Basic
Swarm of Rats,Medium,swarm of Tiny beasts,unaligned,10,24 (7d8-7),30 ft.,9,11,9,2,10,3,,,Resistance bludgeoning piercing slashing,,Charmed Frightened Grappled Paralyzed Petrified Prone Restrained Stunned,Darkvision 30 ft.; Passive Perception 10,,1/4,50,Keen Smell; Swarm.,"Bites: +2 to hit, 0ft, 2d6 piercing (or 1d6 half).",Basic
Swarm of Ravens,Medium,swarm of Tiny beasts,unaligned,12,24 (7d8-7),"10 ft., fly 50 ft.",6,14,8,3,12,6,,Perception +5,Resistance bludgeoning piercing slashing,,Charmed Frightened Grappled Paralyzed Petrified Prone Restrained Stunned,Passive Perception 15,,1/4,50,Swarm.,"Beaks: +4 to hit, 0ft, 2d6 piercing (or 1d6 half).",Basic
Tiger,Large,beast,unaligned,12,37 (5d10+10),40 ft.,17,15,14,3,12,8,,Perception +3; Stealth +6,,,,Darkvision 60 ft.; Passive Perception 13,,1,200,Keen Smell; Pounce (DC 13).,"Bite: +5 to hit, 5ft, 1d10+3 piercing. Claw: +5 to hit, 5ft, 1d8+3 slashing.",Basic
Triceratops,Huge,beast,unaligned,13,95 (10d12+30),50 ft.,22,9,17,2,11,5,,,,,,Passive Perception 10,,5,1800,Trampling Charge.,"Gore: +9 to hit, 5ft, 4d8+6 piercing. Stomp: +9 to hit, 5ft prone only, 3d10+6 bludgeoning.",Basic
Tyrannosaurus Rex,Huge,beast,unaligned,13,136 (13d12+52),50 ft.,25,10,19,2,12,9,,Perception +4,,,,Passive Perception 14,,8,3900,,"Multiattack: bite + tail. Bite: +10 to hit, 10ft, 4d12+7 piercing + grapple (escape DC 17). Tail: +10 to hit, 10ft, 3d8+7 bludgeoning.",Basic
Vulture,Medium,beast,unaligned,10,5 (1d8+1),"10 ft., fly 50 ft.",7,10,13,2,12,4,,Perception +3,,,,Passive Perception 13,,0,10,Keen Sight and Smell; Pack Tactics.,"Beak: +2 to hit, 5ft, 1d4 piercing.",Basic
Warhorse,Large,beast,unaligned,11,19 (3d10+3),60 ft.,18,12,13,2,12,7,,,,,,Passive Perception 11,,1/2,100,Trampling Charge (DC 14 prone+5 dmg).,"Hooves: +6 to hit, 5ft, 2d6+4 bludgeoning.",Basic
Weasel,Tiny,beast,unaligned,13,1 (1d4-1),30 ft.,3,16,8,2,12,3,,Perception +3; Stealth +5,,,,Passive Perception 13,,0,0,Keen Hearing and Smell.,"Bite: +5 to hit, 5ft, 1 piercing.",Basic
Wolf,Medium,beast,unaligned,13,11 (2d8+2),40 ft.,12,15,12,3,12,6,,Perception +3; Stealth +4,,,,Passive Perception 13,,1/4,50,Keen Hearing and Smell; Pack Tactics.,"Bite: +4 to hit, 5ft, 2d4+2 piercing + STR save DC 11 or prone.",Basic
Acolyte,Medium,humanoid (any race),any alignment,10,9 (2d8),30 ft.,10,10,10,10,14,11,,Medicine +4; Religion +2,,,,Passive Perception 12,Any one,1/4,50,Spellcasting (1st level cleric WIS DC 12 +4): Cantrips light/sacred flame/thaumaturgy; 1st (3): bless/cure wounds/sanctuary.,"Club: +2 to hit, 5ft, 1d4 bludgeoning.",Basic
Bandit,Medium,humanoid (any race),any non-lawful,12 (leather armor),11 (2d8+2),30 ft.,11,12,12,10,10,10,,,,,,Passive Perception 10,Any one (usually Common),1/8,25,,"Scimitar: +3 to hit, 5ft, 1d6+1 slashing. Light Crossbow: +3 to hit, range 80/320, 1d8+1 piercing.",Basic
Bandit Captain,Medium,humanoid (any race),any non-lawful,15 (studded leather),65 (10d8+20),30 ft.,15,16,14,14,11,14,STR +4 DEX +5 WIS +2,Athletics +4; Deception +4,,,,Passive Perception 10,Any two,2,450,,"Multiattack: 2 scimitar + 1 dagger (or 2 dagger ranged). Scimitar: +5 to hit, 5ft, 1d6+3 slashing. Dagger: +5 to hit, 5ft / 20/60, 1d4+3 piercing. Reaction: Parry (+2 AC vs one melee attack if can see attacker and wielding weapon).",Basic
Berserker,Medium,humanoid (any race),any chaotic,13 (hide armor),67 (9d8+27),30 ft.,16,12,17,9,11,9,,,,,,Passive Perception 10,Any one,2,450,Reckless (advantage on STR-based melee attacks but attacks vs it have advantage until next turn).,"Greataxe: +5 to hit, 5ft, 1d12+3 slashing.",Basic
Commoner,Medium,humanoid (any race),any alignment,10,4 (1d8),30 ft.,10,10,10,10,10,10,,,,,,Passive Perception 10,Any one,0,10,,"Club: +2 to hit, 5ft, 1d4 bludgeoning.",Basic
Cult Fanatic,Medium,humanoid (any race),any non-good,13 (leather armor),33 (6d8+6),30 ft.,11,14,12,10,13,14,,Deception +4; Persuasion +4; Religion +2,,,,Passive Perception 11,Any one,2,450,Dark Devotion (advantage vs charm/fright); Spellcasting (4th level cleric WIS DC 11 +3): Cantrips light/sacred flame/thaumaturgy; 1st (4): command/inflict wounds/shield of faith; 2nd (3): hold person/spiritual weapon.,"Multiattack: 2 daggers. Dagger: +4 to hit, 5ft / 20/60, 1d4+2 piercing.",Basic
Cultist,Medium,humanoid (any race),any non-good,12 (leather armor),9 (2d8),30 ft.,11,12,10,10,11,10,,Deception +2; Religion +2,,,,Passive Perception 10,Any one,1/8,25,Dark Devotion.,"Scimitar: +3 to hit, 5ft, 1d6+1 slashing.",Basic
Druid,Medium,humanoid (any race),any alignment,11 (16 with barkskin),27 (5d8+5),30 ft.,10,12,13,12,15,11,,Medicine +4; Nature +3; Perception +4,,,,Passive Perception 14,Druidic plus any two,1/2,100,Spellcasting (4th level druid WIS DC 12 +4): Cantrips druidcraft/produce flame/shillelagh; 1st (4): entangle/longstrider/speak with animals/thunderwave; 2nd (3): animal messenger/barkskin.,"Quarterstaff: +2 (+4 with shillelagh) to hit, 5ft, 1d6 (1d8+2 with shillelagh) bludgeoning.",Basic
Gladiator,Medium,humanoid (any race),any alignment,16 (studded leather + shield),112 (15d8+45),30 ft.,18,15,16,10,12,15,STR +7 DEX +5 CON +6,Athletics +10; Intimidation +5,,,,Passive Perception 11,Any one,5,1800,Brave (advantage vs frightened); Brute (melee weapon attacks deal extra die of damage - included).,"Multiattack: 3 melee. Spear: +7 to hit, 5ft / 20/60, 2d6+4 piercing (or 11 = 2d8+4 if used in two hands). Shield Bash: +7 to hit, 5ft, 2d4+4 bludgeoning + STR save DC 15 or prone (if Med or smaller). Reaction: Parry (+3 AC).",Basic
Guard,Medium,humanoid (any race),any alignment,16 (chain shirt + shield),11 (2d8+2),30 ft.,13,12,12,10,11,10,,Perception +2,,,,Passive Perception 12,Any one,1/8,25,,"Spear: +3 to hit, 5ft / 20/60, 1d6+1 piercing (or 1d8+1 two-handed).",Basic
Knight,Medium,humanoid (any race),any alignment,18 (plate),52 (8d8+16),30 ft.,16,11,14,11,11,15,CON +4 WIS +2,,,,,Passive Perception 10,Any one,3,700,Brave.,"Multiattack: 2 melee. Greatsword: +5 to hit, 5ft, 2d6+3 slashing. Heavy Crossbow: +2 to hit, range 100/400, 1d10 piercing. Leadership (recharge after short/long rest): bonus action 30ft 1 minute, allies hearing add 1d4 to attack/save.",Basic
Mage,Medium,humanoid (any race),any alignment,12 (15 with mage armor),40 (9d8),30 ft.,9,14,11,17,12,11,INT +6 WIS +4,Arcana +6; History +6,,,,Passive Perception 11,Any four,6,2300,Spellcasting (9th level wizard INT DC 14 +6): Cantrips fire bolt/light/mage hand/prestidigitation; 1st (4): detect magic/mage armor/magic missile/shield; 2nd (3): misty step/suggestion; 3rd (3): counterspell/fireball/fly; 4th (3): greater invisibility/ice storm; 5th (1): cone of cold.,"Dagger: +5 to hit, 5ft / 20/60, 1d4+2 piercing.",Basic
Noble,Medium,humanoid (any race),any alignment,15 (breastplate),9 (2d8),30 ft.,11,12,11,12,14,16,,Deception +5; Insight +4; Persuasion +5,,,,Passive Perception 12,Any two,1/8,25,,"Rapier: +3 to hit, 5ft, 1d8+1 piercing. Reaction: Parry (+2 AC).",Basic
Priest,Medium,humanoid (any race),any alignment,13 (chain shirt),27 (5d8+5),25 ft.,10,10,12,13,16,13,,Medicine +7; Persuasion +3; Religion +4,,,,Passive Perception 13,Any two,2,450,Divine Eminence (bonus action; expend spell slot 1st+ for melee weapon to deal +1d6 radiant per level above; 1 minute or until concentration ends); Spellcasting (5th level cleric WIS DC 13 +5): Cantrips light/sacred flame/thaumaturgy; 1st (4): cure wounds/guiding bolt/sanctuary; 2nd (3): lesser restoration/spiritual weapon; 3rd (2): dispel magic/spirit guardians.,"Mace: +2 to hit, 5ft, 1d6 bludgeoning.",Basic
Scout,Medium,humanoid (any race),any alignment,13 (leather armor),16 (3d8+3),30 ft.,11,14,12,11,13,11,,Nature +4; Perception +5; Stealth +6; Survival +5,,,,Passive Perception 15,Any one,1/2,100,Keen Hearing and Sight.,"Multiattack: 2 melee or 2 ranged. Shortsword: +4 to hit, 5ft, 1d6+2 piercing. Longbow: +4 to hit, range 150/600, 1d8+2 piercing.",Basic
Spy,Medium,humanoid (any race),any alignment,12,27 (6d8),30 ft.,10,15,10,12,14,16,,Deception +5; Insight +4; Investigation +5; Perception +6; Persuasion +5; Sleight of Hand +4; Stealth +4,,,,Passive Perception 16,Any two,1,200,Cunning Action; Sneak Attack (1/turn +7 (2d6) damage if has advantage or ally within 5ft of target).,"Multiattack: 2 melee. Shortsword: +4 to hit, 5ft, 1d6+2 piercing. Hand Crossbow: +4 to hit, range 30/120, 1d6+2 piercing.",Basic
Thug,Medium,humanoid (any race),any non-good,11 (leather armor),32 (5d8+10),30 ft.,15,11,14,10,10,11,,Intimidation +2,,,,Passive Perception 10,Any one,1/2,100,Pack Tactics.,"Multiattack: 2 melee. Mace: +4 to hit, 5ft, 1d6+2 bludgeoning. Heavy Crossbow: +2 to hit, range 100/400, 1d10 piercing.",Basic
Tribal Warrior,Medium,humanoid (any race),any alignment,12 (hide armor),11 (2d8+2),30 ft.,13,11,12,8,11,8,,,,,,Passive Perception 10,Any one,1/8,25,Pack Tactics.,"Spear: +3 to hit, 5ft / 20/60, 1d6+1 piercing (or 1d8+1 two-handed).",Basic
Veteran,Medium,humanoid (any race),any alignment,17 (splint),58 (9d8+18),30 ft.,16,13,14,10,11,10,,Athletics +5; Perception +2,,,,Passive Perception 12,Any one,3,700,,"Multiattack: 2 longsword + 1 shortsword (or 1 ranged). Longsword: +5 to hit, 5ft, 1d8+3 slashing (or 1d10+3 two-handed). Shortsword: +5 to hit, 5ft, 1d6+3 piercing. Heavy Crossbow: +3 to hit, range 100/400, 1d10 piercing.",Basic
Skeleton,Medium,undead,lawful evil,13 (armor scraps),13 (2d8+4),30 ft.,10,14,15,6,8,5,,,Vulnerability bludgeoning,Poison,Exhaustion Poisoned,Darkvision 60 ft.; Passive Perception 9,Understands all languages it knew in life but can't speak,1/4,50,,"Shortsword: +4 to hit, 5ft, 1d6+2 piercing. Shortbow: +4 to hit, range 80/320, 1d6+2 piercing.",Basic
Zombie,Medium,undead,neutral evil,8,22 (3d8+9),20 ft.,13,6,16,3,6,5,WIS +0,,,Poison,Poisoned,Darkvision 60 ft.; Passive Perception 8,Understands languages it knew in life but can't speak,1/4,50,Undead Fortitude (when reduced to 0 HP CON save DC 5+damage; success = 1 HP instead unless from radiant or critical).,"Slam: +3 to hit, 5ft, 1d6+1 bludgeoning.",Basic
Ghoul,Medium,undead,chaotic evil,12,22 (5d8),30 ft.,13,15,10,7,10,6,,,,Poison,Charmed Exhaustion Poisoned,Darkvision 60 ft.; Passive Perception 10,Common,1,200,,"Bite: +2 to hit, 5ft, 2d6+2 piercing. Claws: +4 to hit, 5ft, 2d4+2 slashing + DC 10 CON save or paralyzed 1 minute (saves end of each turn; elves immune).",Basic
Ghast,Medium,undead,chaotic evil,13,36 (8d8),30 ft.,16,17,10,11,10,8,,,,Poison,Charmed Exhaustion Poisoned,Darkvision 60 ft.; Passive Perception 10,Common,2,450,Stench (5ft DC 10 CON save or poisoned 1 round; 24h immune on success); Turning Defiance (allies within 30ft advantage on saves vs effects that turn undead).,"Bite: +3 to hit, 5ft, 2d8+3 piercing. Claws: +5 to hit, 5ft, 2d6+3 slashing + DC 10 CON save or paralyzed 1 minute (no elf immunity).",Basic
Wight,Medium,undead,neutral evil,14 (studded leather),45 (6d8+18),30 ft.,15,14,16,10,13,15,,Perception +3; Stealth +4,Necrotic; Bludgeoning Piercing Slashing from nonmagical non-silvered,,Exhaustion Poisoned,Darkvision 60 ft.; Passive Perception 13,Languages known in life,3,700,Sunlight Sensitivity (disadvantage in direct sun).,"Multiattack: 2 longsword or 2 longbow (or one each + 1 life drain). Life Drain: +4 to hit, 5ft, 1d6+2 necrotic + CON save DC 13 or HP max reduced. Killed humanoid rises as zombie. Longsword: +4 to hit, 5ft, 1d8+2 slashing (1d10+2 two-handed). Longbow: +4 to hit, 150/600, 1d8+2 piercing.",Basic
Wraith,Medium,undead,neutral evil,13,67 (9d8+27),"0 ft., fly 60 ft. (hover)",6,16,16,12,14,15,,,Acid Cold Fire Lightning Thunder; Bludgeoning Piercing Slashing from nonmagical,Necrotic Poison,Charmed Exhaustion Grappled Paralyzed Petrified Poisoned Prone Restrained,Darkvision 60 ft.; Passive Perception 12,Languages known in life,5,1800,Incorporeal Movement; Sunlight Sensitivity.,"Life Drain: +6 to hit, 5ft, 4d8+3 necrotic + CON save DC 14 or HP max reduced. Create Specter (action; humanoid dead within 1 minute rises as Specter under control).",Basic
Specter,Medium,undead,chaotic evil,12,22 (5d8),"0 ft., fly 50 ft. (hover)",1,14,11,10,10,11,,,Acid Cold Fire Lightning Thunder; Bludgeoning Piercing Slashing from nonmagical,Necrotic Poison,Charmed Exhaustion Grappled Paralyzed Petrified Poisoned Prone Restrained,Darkvision 60 ft.; Passive Perception 10,Languages known in life,1,200,Incorporeal Movement; Sunlight Sensitivity.,"Life Drain: +4 to hit, 5ft, 3d6 necrotic + CON save DC 10 or HP max reduced.",Basic
Shadow,Medium,undead,chaotic evil,12,16 (3d8+3),40 ft.,6,14,13,6,10,8,,Stealth +4 (+6 dim/dark),Acid Cold Fire Lightning Thunder Necrotic; Bludgeoning Piercing Slashing from nonmagical,Poison,Exhaustion Frightened Grappled Paralyzed Petrified Poisoned Prone Restrained,Darkvision 60 ft.; Passive Perception 10,,1/2,100,Amorphous; Shadow Stealth (Hide as bonus action in dim/darkness); Sunlight Weakness (disadvantage on attacks/checks/saves in sunlight).,"Strength Drain: +4 to hit, 5ft, 2d6+2 necrotic + STR -1d4 (death if 0; new shadow rises 1d4h later).",Basic
Mummy,Medium,undead,lawful evil,11,58 (9d8+18),20 ft.,16,8,15,6,10,12,WIS +2,,,Necrotic Poison; Bludgeoning Piercing Slashing from nonmagical,Charmed Exhaustion Frightened Paralyzed Poisoned,Darkvision 60 ft.; Passive Perception 10,Languages known in life,3,700,,"Multiattack: 1 dreadful glare + 1 rotting fist. Rotting Fist: +5 to hit, 5ft, 2d6+3 bludgeoning + 3d6 necrotic + Mummy Rot. Dreadful Glare: 60ft target WIS save DC 11 or frightened 1 minute. Mummy Rot: regain HP halved; HP max -3d6 each long rest until cured (remove curse/lesser restoration).",Basic
Mummy Lord,Medium,undead,lawful evil,17 (natural),97 (13d8+39),20 ft.,18,10,17,11,18,16,CON +8 INT +6 WIS +9 CHA +8,History +5; Religion +5,,Necrotic Poison; Bludgeoning Piercing Slashing from nonmagical,Charmed Exhaustion Frightened Paralyzed Poisoned,Darkvision 60 ft.; Passive Perception 14,Common + 3 others,15,13000,Magic Resistance; Rejuvenation; Spellcasting (10th level cleric WIS DC 17 +9).,"Multiattack: 1 dreadful glare + 1 rotting fist. Rotting Fist: +9 to hit, 5ft, 3d6+4 bludgeoning + 6d6 necrotic + Mummy Rot. Legendary Actions (3/round).",Basic
Lich,Medium,undead,any evil,17 (natural),135 (18d8+54),30 ft.,11,16,16,20,14,16,CON +10 INT +12 WIS +9,Arcana +18; History +12; Insight +9; Perception +9,Cold Lightning Necrotic; Bludgeoning Piercing Slashing from nonmagical,Poison,Charmed Exhaustion Frightened Paralyzed Poisoned,Truesight 120 ft.; Passive Perception 19,Common + 5 others,21,33000,Legendary Resistance (3/day); Rejuvenation (phylactery); Spellcasting (18th level wizard INT DC 20 +12); Turn Resistance.,"Paralyzing Touch: +12 to hit, 5ft, 3d6 cold + CON save DC 18 or paralyzed 1 minute. Legendary Actions (3/round): cantrip, paralyzing touch (2 actions), frightening gaze (2 actions), disrupt life (3 actions: each non-undead in 20ft 21 (6d6) necrotic).",Basic
Vampire,Medium,undead (shapechanger),lawful evil,16 (natural),144 (17d8+68),30 ft.,18,18,18,17,15,18,DEX +9 WIS +6 CHA +9,Perception +7; Stealth +9,Necrotic; Bludgeoning Piercing Slashing from nonmagical,,,Darkvision 120 ft.; Passive Perception 17,Languages known in life,13,10000,Shapechanger; Legendary Resistance (3/day); Misty Escape; Regeneration; Spider Climb; Vampire Weaknesses (forbiddance/holy water/sunlight/running water/stake to heart).,"Multiattack (Vampire Form Only): 2 attacks, only one of which can be a bite. Unarmed Strike (Vampire Form Only): +9 to hit, 5ft, 1d8+4 bludgeoning + grapple (escape DC 18). Bite (Bat or Vampire Form Only): +9 to hit, 5ft, 1d6+4 piercing + 3d6 necrotic + HP max reduction. Charm: 30ft target WIS save DC 17 or charmed 24h. Children of the Night (1/day, in night).",Basic
Adult Black Dragon,Huge,dragon,chaotic evil,19 (natural),195 (17d12+85),"40 ft., fly 80 ft., swim 40 ft.",23,14,21,14,13,17,DEX +7 CON +10 WIS +6 CHA +8,Perception +11; Stealth +7,,Acid,,Blindsight 60 ft.; Darkvision 120 ft.; Passive Perception 21,Common Draconic,14,11500,Amphibious; Legendary Resistance (3/day).,"Multiattack: 1 frightful presence + 1 bite + 2 claws (replace 1 attack with tail). Bite: +11 to hit, 10ft, 2d10+7 piercing + 1d8 acid. Claw: +11 to hit, 5ft, 2d6+7 slashing. Tail: +11 to hit, 15ft, 2d8+7 bludgeoning. Frightful Presence (120ft WIS DC 16 or frightened 1 min). Acid Breath (recharge 5-6, 60ft line × 5ft DEX save DC 18 half 14d8 acid). Legendary Actions (3/round).",Basic
Adult Blue Dragon,Huge,dragon,lawful evil,19 (natural),225 (18d12+108),"40 ft., burrow 30 ft., fly 80 ft.",25,10,23,16,15,19,DEX +5 CON +11 WIS +7 CHA +9,Perception +12; Stealth +5,,Lightning,,Blindsight 60 ft.; Darkvision 120 ft.; Passive Perception 22,Common Draconic,16,15000,Legendary Resistance (3/day).,"Multiattack as adult dragons. Bite: +12 to hit, 10ft, 2d10+8 piercing + 1d10 lightning. Claws/Tail similar. Lightning Breath (recharge 5-6, 90ft line × 5ft, DEX save DC 19 half 12d10 lightning).",Basic
Adult Red Dragon,Huge,dragon,chaotic evil,19 (natural),256 (19d12+133),"40 ft., climb 40 ft., fly 80 ft.",27,10,25,16,13,21,DEX +6 CON +13 WIS +7 CHA +11,Perception +13; Stealth +6,,Fire,,Blindsight 60 ft.; Darkvision 120 ft.; Passive Perception 23,Common Draconic,17,18000,Legendary Resistance (3/day).,"Multiattack. Bite: +14 to hit, 10ft, 2d10+8 piercing + 4d6 (14) fire. Fire Breath (recharge 5-6, 60ft cone DEX DC 21 half 18d6 fire).",Basic
Ancient Red Dragon,Gargantuan,dragon,chaotic evil,22 (natural),546 (28d20+252),"40 ft., climb 40 ft., fly 80 ft.",30,10,29,18,15,23,DEX +7 CON +16 WIS +9 CHA +13,Perception +16; Stealth +7,,Fire,,Blindsight 60 ft.; Darkvision 120 ft.; Passive Perception 26,Common Draconic,24,62000,Legendary Resistance (3/day).,"Multiattack. Bite: +17 to hit, 15ft, 2d10+10 piercing + 4d6 fire. Fire Breath (recharge 5-6, 90ft cone DEX DC 24 half 26d6 fire). Legendary Actions.",Basic
Young Black Dragon,Large,dragon,chaotic evil,18 (natural),127 (15d10+45),"40 ft., fly 80 ft., swim 40 ft.",19,14,17,12,11,15,DEX +5 CON +6 WIS +3 CHA +5,Perception +6; Stealth +5,,Acid,,Blindsight 30 ft.; Darkvision 120 ft.; Passive Perception 16,Common Draconic,7,2900,Amphibious.,"Multiattack 1 bite + 2 claws. Bite: +7 to hit, 10ft, 2d10+4 piercing + 1d8 acid. Acid Breath (recharge 5-6, 30ft line DEX DC 14 half 11d8 acid).",Basic
Wyvern,Large,dragon,unaligned,13 (natural),110 (13d10+39),"20 ft., fly 80 ft.",19,10,16,5,12,6,,Perception +4,,,,Darkvision 60 ft.; Passive Perception 14,,6,2300,,"Multiattack 1 bite + 1 sting (or claws when grounded). Bite: +7 to hit, 10ft, 2d6+4 piercing. Claws: +7 to hit, 5ft, 2d8+4 slashing. Stinger: +7 to hit, 10ft, 2d6+4 piercing + CON save DC 15 or 7d6 poison; success half.",Basic
Pseudodragon,Tiny,dragon,neutral good,13 (natural),7 (2d4+2),"15 ft., fly 60 ft.",6,15,13,10,12,10,,Perception +3; Stealth +4,,,,Blindsight 10 ft.; Darkvision 60 ft.; Passive Perception 13,Understands Common Draconic but can't speak,1/4,50,Keen Senses; Magic Resistance; Limited Telepathy.,"Bite: +4 to hit, 5ft, 1d4+2 piercing. Sting: +4 to hit, 5ft, 1d4+2 piercing + CON save DC 11 or poisoned 1h (15+: unconscious 1h, ends if damaged or shaken).",Basic
Goblin,Small,humanoid (goblinoid),neutral evil,15 (leather + shield),7 (2d6),30 ft.,8,14,10,10,8,8,,Stealth +6,,,,Darkvision 60 ft.; Passive Perception 9,Common Goblin,1/4,50,Nimble Escape (Disengage or Hide as bonus action).,"Scimitar: +4 to hit, 5ft, 1d6+2 slashing. Shortbow: +4 to hit, range 80/320, 1d6+2 piercing.",Basic
Hobgoblin,Medium,humanoid (goblinoid),lawful evil,18 (chain mail + shield),11 (2d8+2),30 ft.,13,12,12,10,10,9,,,,,,Darkvision 60 ft.; Passive Perception 10,Common Goblin,1/2,100,Martial Advantage (1/turn +7 (2d6) damage if ally within 5ft of target and ally not incapacitated).,"Longsword: +3 to hit, 5ft, 1d8+1 slashing (1d10+1 two-handed). Longbow: +3 to hit, range 150/600, 1d8+1 piercing.",Basic
Bugbear,Medium,humanoid (goblinoid),chaotic evil,16 (hide armor + shield),27 (5d8+5),30 ft.,15,14,13,8,11,9,,Stealth +6; Survival +2,,,,Darkvision 60 ft.; Passive Perception 10,Common Goblin,1,200,Brute (1 extra die of damage on melee weapon attacks - included in stats); Surprise Attack (extra 7 (2d6) damage on first turn if surprised target).,"Morningstar: +4 to hit, 5ft, 2d8+2 piercing. Javelin: +4 to hit, 5ft / 30/120, 2d6+2 (melee) or 1d6+2 (thrown) piercing.",Basic
Orc,Medium,humanoid (orc),chaotic evil,13 (hide armor),15 (2d8+6),30 ft.,16,12,16,7,11,10,,Intimidation +2,,,,Darkvision 60 ft.; Passive Perception 10,Common Orc,1/2,100,Aggressive (bonus action move up to speed toward visible hostile creature).,"Greataxe: +5 to hit, 5ft, 1d12+3 slashing. Javelin: +5 to hit, 5ft / 30/120, 1d6+3 piercing.",Basic
Kobold,Small,humanoid (kobold),lawful evil,12,5 (2d6-2),30 ft.,7,15,9,8,7,8,,,,,,Darkvision 60 ft.; Passive Perception 8,Common Draconic,1/8,25,Pack Tactics; Sunlight Sensitivity.,"Dagger: +4 to hit, 5ft / 20/60, 1d4+2 piercing. Sling: +4 to hit, range 30/120, 1d4+2 bludgeoning.",Basic
Gnoll,Medium,humanoid (gnoll),chaotic evil,15 (hide armor + shield),22 (5d8),30 ft.,14,12,11,6,10,7,,,,,,Darkvision 60 ft.; Passive Perception 10,Gnoll,1/2,100,"Rampage (after dropping creature with melee, bonus action half move + bite).","Bite: +4 to hit, 5ft, 1d4+2 piercing. Spear: +4 to hit, 5ft / 20/60, 1d6+2 piercing (1d8+2 two-handed). Longbow: +3 to hit, 150/600, 1d8 piercing.",Basic
Lizardfolk,Medium,humanoid (lizardfolk),neutral,15 (natural + shield),22 (4d8+4),"30 ft., swim 30 ft.",15,10,13,7,12,7,,Perception +3; Stealth +4; Survival +5,,,,Passive Perception 13,Draconic,1/2,100,Hold Breath (15 minutes).,"Multiattack: bite + heavy club or 2 with javelin. Bite: +4 to hit, 5ft, 1d6+2 piercing. Heavy Club: +4 to hit, 5ft, 1d4+2 bludgeoning. Javelin: +4 to hit, 5ft / 30/120, 1d6+2 piercing. Spiked Shield: +4 to hit, 5ft, 1d6+2 piercing.",Basic
Hill Giant,Huge,giant,chaotic evil,13 (natural),105 (10d12+40),40 ft.,21,8,19,5,9,6,,Perception +2,,,,Passive Perception 12,Giant,5,1800,,"Multiattack: 2 greatclubs. Greatclub: +8 to hit, 10ft, 3d8+5 bludgeoning. Rock: +8 to hit, range 60/240, 3d10+5 bludgeoning.",Basic
Stone Giant,Huge,giant,neutral,17 (natural),126 (11d12+55),40 ft.,23,15,20,10,12,9,DEX +5 CON +8 WIS +4,Athletics +12; Perception +4,,,,Darkvision 60 ft.; Passive Perception 14,Giant,7,2900,Stone Camouflage.,"Multiattack: 2 greatclubs. Greatclub: +9 to hit, 15ft, 3d8+6 bludgeoning. Rock: +9 to hit, range 60/240, 4d10+6 bludgeoning + DC 17 STR save or prone.",Basic
Frost Giant,Huge,giant,neutral evil,15 (patchwork armor),138 (12d12+60),40 ft.,23,9,21,9,10,12,CON +8 WIS +3 CHA +4,Athletics +9; Perception +3,,Cold,,Passive Perception 13,Giant,8,3900,,"Multiattack: 2 greataxes. Greataxe: +9 to hit, 10ft, 3d12+6 slashing. Rock: +9 to hit, range 60/240, 4d10+6 bludgeoning.",Basic
Fire Giant,Huge,giant,lawful evil,18 (plate),162 (13d12+78),30 ft.,25,9,23,10,14,13,DEX +3 CON +10 CHA +7,Athletics +11; Perception +6,,Fire,,Passive Perception 16,Giant,9,5000,,"Multiattack: 2 greatswords. Greatsword: +11 to hit, 10ft, 6d6+7 slashing. Rock: +11 to hit, range 60/240, 4d10+7 bludgeoning.",Basic
Cloud Giant,Huge,giant,neutral good or neutral evil,14 (natural),200 (16d12+96),"40 ft., fly 60 ft.",27,10,22,12,16,16,CON +10 WIS +7 CHA +7,Insight +7; Perception +7,,,,Passive Perception 17,Common Giant,9,5000,Keen Smell; Innate Spellcasting CHA (DC 15): At will: detect magic/fog cloud/light; 3/day: feather fall/fly/misty step/telekinesis; 1/day: control weather/gaseous form.,"Multiattack: 2 morningstars. Morningstar: +12 to hit, 10ft, 3d8+8 piercing. Rock: +12 to hit, range 60/240, 4d10+8 bludgeoning.",Basic
Storm Giant,Huge,giant,chaotic good,16 (scale mail),230 (20d12+100),"50 ft., swim 50 ft.",29,14,20,16,18,18,STR +14 CON +10 WIS +9 CHA +9,Arcana +8; Athletics +14; History +8; Perception +9,Cold,Lightning Thunder,,Passive Perception 19,Common Giant,13,10000,Amphibious; Innate Spellcasting (DC 17): At will: detect magic/feather fall/levitate/light; 3/day: control weather/water breathing.,"Multiattack: 2 greatswords. Greatsword: +14 to hit, 10ft, 6d6+8 slashing. Rock: +14 to hit, range 60/240, 4d12+8 bludgeoning. Lightning Strike (recharge 5-6, 500ft point DC 17 DEX save half 10d8 lightning).",Basic
Ogre,Large,giant,chaotic evil,11 (hide armor),59 (7d10+21),40 ft.,19,8,16,5,7,7,,,,,,Darkvision 60 ft.; Passive Perception 8,Common Giant,2,450,,"Greatclub: +6 to hit, 5ft, 2d8+4 bludgeoning. Javelin: +6 to hit, 5ft / 30/120, 2d6+4 piercing.",Basic
Troll,Large,giant,chaotic evil,15 (natural),84 (8d10+40),30 ft.,18,13,20,7,9,7,,Perception +2,,,,Darkvision 60 ft.; Passive Perception 12,Giant,5,1800,Keen Smell; Regeneration (10 HP/turn unless damaged with acid or fire); Loathsome Limbs.,"Multiattack: 1 bite + 2 claws. Bite: +7 to hit, 5ft, 1d6+4 piercing. Claw: +7 to hit, 5ft, 2d6+4 slashing.",Basic
Owlbear,Large,monstrosity,unaligned,13 (natural),59 (7d10+21),40 ft.,20,12,17,3,12,7,,Perception +3,,,,Darkvision 60 ft.; Passive Perception 13,,3,700,Keen Sight and Smell.,"Multiattack: 1 beak + 1 claws. Beak: +7 to hit, 5ft, 1d10+5 piercing. Claws: +7 to hit, 5ft, 2d8+5 slashing.",Basic
Manticore,Large,monstrosity,lawful evil,14 (natural),68 (8d10+24),"30 ft., fly 50 ft.",17,16,17,7,12,8,,,,,,Darkvision 60 ft.; Passive Perception 11,Common,3,700,,"Multiattack: 3 (1 bite + 2 claw or 3 tail spikes). Bite: +5 to hit, 5ft, 1d8+3 piercing. Claw: +5 to hit, 5ft, 2d4+3 slashing. Tail Spike: +5 to hit, range 100/200, 1d8+3 piercing.",Basic
Minotaur,Large,monstrosity,chaotic evil,14 (natural),76 (9d10+27),40 ft.,18,11,16,6,16,9,,Perception +7,,,,Darkvision 60 ft.; Passive Perception 17,Abyssal,3,700,Charge (extra 9 piercing + STR DC 14 push 10ft prone); Labyrinthine Recall; Reckless.,"Greataxe: +6 to hit, 5ft, 2d12+4 slashing. Gore: +6 to hit, 5ft, 2d8+4 piercing.",Basic
Centaur,Large,monstrosity,neutral good,12,45 (6d10+12),50 ft.,18,14,14,9,13,11,,Athletics +6; Perception +3; Survival +3,,,,Passive Perception 13,Elvish Sylvan,2,450,Charge (extra 3d6 piercing if pike used after 30ft straight).,"Multiattack: 1 pike + 1 hoof or 2 longbow. Pike: +6 to hit, 10ft, 1d10+4 piercing. Hooves: +6 to hit, 5ft, 2d6+4 bludgeoning. Longbow: +4 to hit, 150/600, 1d8+2 piercing.",Basic
Harpy,Medium,monstrosity,chaotic evil,11,38 (7d8+7),"20 ft., fly 40 ft.",12,13,12,7,10,13,,,,,,Passive Perception 10,Common,1,200,,"Multiattack: 2 attacks (1 club + 1 claws). Club: +3 to hit, 5ft, 1d4+1 bludgeoning. Claws: +3 to hit, 5ft, 2d4+1 slashing. Luring Song (action 300ft WIS DC 11 or charmed and approach harpy; cannot take reactions; can repeat at end of each turn or when out of 5ft of harpy).",Basic
Medusa,Medium,monstrosity,lawful evil,15 (natural),127 (17d8+51),30 ft.,10,15,16,12,13,15,,Deception +5; Insight +4; Perception +4; Stealth +5,,,,Darkvision 60 ft.; Passive Perception 14,Common,6,2300,Petrifying Gaze (60ft start of each creature's turn within 30ft - CON save DC 14: fail = restrained then petrified at end of next turn unless hit by greater restoration).,"Multiattack: 1 snake hair + 1 bite or 1 longbow. Snake Hair: +5 to hit, 5ft, 1d4+2 piercing + 4d6 poison. Shortsword: +5 to hit, 5ft, 1d6+2 piercing. Longbow: +5 to hit, 150/600, 1d8+2 piercing + 3d6 poison.",Basic
Cockatrice,Small,monstrosity,unaligned,11,27 (6d6+6),"20 ft., fly 40 ft.",6,12,12,2,13,5,,,,,,Darkvision 60 ft.; Passive Perception 11,,1/2,100,,"Bite: +3 to hit, 5ft, 1d4+1 piercing + CON save DC 11 or magically begin to turn to stone (restrained); save at end of next turn (success ends; fail = petrified 24h).",Basic
Basilisk,Medium,monstrosity,unaligned,15 (natural),52 (8d8+16),20 ft.,16,8,15,2,8,7,,,,,,Darkvision 60 ft.; Passive Perception 9,,3,700,Petrifying Gaze.,"Bite: +5 to hit, 5ft, 2d6+3 piercing + 2d6 poison.",Basic
Chimera,Large,monstrosity,chaotic evil,14 (natural),114 (12d10+48),"30 ft., fly 60 ft.",19,11,19,3,14,10,,Perception +8,,,,Darkvision 60 ft.; Passive Perception 18,Draconic understands Common,6,2300,,"Multiattack: 3 (1 bite + 1 horns + 1 claws OR 1 bite + 1 horns + 1 fire breath if available). Bite: +7 to hit, 5ft, 2d6+4 piercing. Horns: +7 to hit, 5ft, 1d12+4 bludgeoning. Claws: +7 to hit, 5ft, 2d6+4 slashing. Fire Breath (recharge 5-6, 15ft cone DEX DC 15 half 7d8 fire).",Basic
Phase Spider,Large,monstrosity,unaligned,13 (natural),32 (5d10+5),"30 ft., climb 30 ft.",15,15,12,6,10,6,,Stealth +6,,,,Darkvision 60 ft.; Passive Perception 10,,3,700,Ethereal Jaunt (bonus action shift Material/Ethereal); Spider Climb; Web Walker.,"Bite: +4 to hit, 5ft, 1d10+2 piercing + CON save DC 11 or 18 (4d8) poison; success half. Reduced to 0: stable + poisoned + paralyzed 1h.",Basic
Ankheg,Large,monstrosity,unaligned,14 (natural),39 (6d10+6),"30 ft., burrow 10 ft.",17,11,13,1,13,6,,,,,,Darkvision 60 ft.; Tremorsense 60 ft.; Passive Perception 11,,2,450,,"Bite: +5 to hit, 5ft, 2d6+3 slashing + 1d6 acid + grapple (escape DC 13, restrained, can only bite). Acid Spray (recharge 6, 30ft line DEX DC 13 half 3d6 acid).",Basic
Bulette,Large,monstrosity,unaligned,17 (natural),94 (9d10+45),"40 ft., burrow 40 ft.",19,11,21,2,10,5,,Perception +6,,,,Darkvision 60 ft.; Tremorsense 60 ft.; Passive Perception 16,,5,1800,"Standing Leap (long 30ft, high 15ft).","Bite: +7 to hit, 5ft, 4d12+4 piercing. Deadly Leap (action long jump up to 15ft and land in space; creatures STR or DEX save DC 16 or take 3d6 bludgeoning + 3d6 slashing + prone; success = half + 5ft away not prone).",Basic
Doppelganger,Medium,monstrosity (shapechanger),neutral,14,52 (8d8+16),30 ft.,11,18,14,11,12,14,,Deception +6; Insight +3,,,Charmed,Darkvision 60 ft.; Passive Perception 11,Common,3,700,Shapechanger; Ambusher (advantage on attacks vs surprised creature); Surprise Attack (extra 3d6 damage on surprised target).,"Multiattack: 2. Slam: +6 to hit, 5ft, 1d6+4 bludgeoning. Read Thoughts (action 60ft target detected; WIS DC 12 save not noticed; advantage on Deception/Persuasion/Intimidation vs target).",Basic
Pegasus,Large,celestial,chaotic good,12,59 (7d10+21),"60 ft., fly 90 ft.",18,15,16,10,15,13,DEX +4 WIS +4 CHA +3,Perception +6,,,,Passive Perception 16,Understands Celestial Common Elvish Sylvan but can't speak,2,450,,"Hooves: +6 to hit, 5ft, 2d6+4 bludgeoning.",Basic
Unicorn,Large,celestial,lawful good,12,67 (9d10+18),50 ft.,18,14,15,11,17,16,,,,Poison,Charmed Paralyzed Poisoned,Darkvision 60 ft.; Passive Perception 13,Celestial Elvish Sylvan + telepathy,5,1800,Charge (extra 9 piercing + DC 15 STR or prone); Innate Spellcasting (DC 14): At will: detect evil and good/druidcraft/pass without trace; 1/day: calm emotions/dispel evil and good/entangle; Magic Resistance; Magic Weapons.,"Multiattack: 1 hooves + 1 horn. Hooves: +7 to hit, 5ft, 2d6+4 bludgeoning. Horn: +7 to hit, 5ft, 1d8+4 piercing. Healing Touch (3/day): touch heal 11 (3d8+4) HP and end disease/poison.",Basic
Imp,Tiny,fiend (devil shapechanger),lawful evil,13,10 (3d4+3),"20 ft., fly 40 ft.",6,17,13,11,12,14,,Deception +4; Insight +3; Persuasion +4; Stealth +5,Cold; Bludgeoning Piercing Slashing from nonmagical non-silvered,Fire Poison,Poisoned,Darkvision 120 ft.; Passive Perception 11,Common Infernal,1,200,Shapechanger; Devil's Sight; Magic Resistance.,"Sting (Bite in beast form): +5 to hit, 5ft, 1d4+3 piercing + 3d6 poison. Invisibility (action).",Basic
Quasit,Tiny,fiend (demon shapechanger),chaotic evil,13,7 (3d4),40 ft.,5,17,10,7,10,10,,Stealth +5,Cold Fire Lightning; Bludgeoning Piercing Slashing from nonmagical,Poison,Poisoned,Darkvision 120 ft.; Passive Perception 10,Abyssal Common,1,200,Shapechanger; Magic Resistance.,"Claws (Bite in beast form): +4 to hit, 5ft, 1d4+3 slashing + CON save DC 10 or 2d4 poison damage and poisoned 1 minute. Scare (1/day): 20ft target WIS DC 10 or frightened 1 minute. Invisibility.",Basic
Hell Hound,Medium,fiend,lawful evil,15 (natural),45 (7d8+14),50 ft.,17,12,14,6,13,6,,Perception +5,,Fire,,Darkvision 60 ft.; Passive Perception 15,Understands Infernal but can't speak,3,700,Keen Hearing and Smell; Pack Tactics.,"Bite: +5 to hit, 5ft, 1d8+3 piercing + 1d6 fire. Fire Breath (recharge 5-6, 15ft cone DEX DC 12 half 6d6 fire).",Basic
Succubus/Incubus,Medium,fiend (shapechanger),neutral evil,15 (natural),66 (12d8+12),"30 ft., fly 60 ft.",8,17,13,15,12,20,,Deception +9; Insight +5; Perception +5; Persuasion +9; Stealth +7,Cold Fire Lightning Poison; Bludgeoning Piercing Slashing from nonmagical,,,Darkvision 60 ft.; Passive Perception 15,Abyssal Common Infernal + telepathy 60ft,4,1100,Shapechanger; Telepathic Bond.,"Claw (Fiend Form Only): +5 to hit, 5ft, 1d6+3 slashing. Charm (action 30ft target WIS DC 15 or charmed 24h - obeys verbal/telepathic - end on damage from succubus). Draining Kiss (target charmed/willing: 5d10+5 psychic + HP max reduction; charmed creatures auto fail save). Etherealness.",Basic
Pit Fiend,Large,fiend (devil),lawful evil,19 (natural),300 (24d10+168),"30 ft., fly 60 ft.",26,14,24,22,18,24,DEX +8 CON +13 WIS +10,,Cold; Bludgeoning Piercing Slashing from nonmagical non-silvered,Fire Poison,Poisoned,Truesight 120 ft.; Passive Perception 14,Infernal + telepathy 120ft,20,25000,Fear Aura; Magic Resistance; Magic Weapons; Innate Spellcasting (CHA DC 21).,"Multiattack: 4 (bite + claw + mace + tail). Bite: +14 to hit, 5ft, 4d6+8 piercing + CON save DC 21 or poisoned. Claw: +14 to hit, 10ft, 2d8+8 slashing. Mace: +14 to hit, 10ft, 5d6+8 bludgeoning + 6d6 fire. Tail: +14 to hit, 10ft, 3d10+8 bludgeoning.",Basic
Dryad,Medium,fey,neutral,11 (16 with barkskin),22 (5d8),30 ft.,10,12,11,14,15,18,,Perception +4; Stealth +5,,,,Darkvision 60 ft.; Passive Perception 14,Elvish Sylvan,1,200,Innate Spellcasting (CHA DC 14): At will: druidcraft; 3/day: entangle/goodberry; 1/day: barkskin/pass without trace/shillelagh; Magic Resistance; Speak with Beasts and Plants; Tree Stride.,"Club: +2 (+6 with shillelagh) to hit, 5ft, 1d4 (1d8+4 with shillelagh) bludgeoning. Fey Charm (action humanoid or beast 30ft WIS DC 14 or magically charmed 24h - obey friendly requests; ends on damage; immune for 24h on save).",Basic
Sprite,Tiny,fey,neutral good,15 (leather),2 (1d4),"10 ft., fly 40 ft.",3,18,10,14,13,11,,Perception +3; Stealth +8,,,,Passive Perception 13,Common Elvish Sylvan,1/4,50,,"Longsword: +2 to hit, 5ft, 1 slashing. Shortbow: +6 to hit, range 40/160, 1 piercing + CON save DC 10 or poisoned 1 minute (success on save; 5+ poisoned 1 minute; less than 5 unconscious until taking damage or another action). Heart Sight; Invisibility.",Basic
Pixie,Tiny,fey,neutral good,15,1 (1d4-1),"10 ft., fly 30 ft.",2,20,8,10,14,15,,Perception +4; Stealth +7,,,,Passive Perception 14,Common Elvish Sylvan,1/4,50,Magic Resistance; Innate Spellcasting (CHA DC 12): At will: druidcraft; 1/day each: confusion/dancing lights/detect evil and good/detect thoughts/dispel magic/entangle/fly/phantasmal force/polymorph/sleep.,Superior Invisibility.,Basic
Satyr,Medium,fey,chaotic neutral,14 (leather),31 (7d8),40 ft.,12,16,11,12,10,14,,Perception +2; Performance +6; Stealth +5,,,,Passive Perception 12,Common Elvish Sylvan,1/2,100,Magic Resistance.,"Ram: +3 to hit, 5ft, 2d4+1 bludgeoning. Shortsword: +5 to hit, 5ft, 1d6+3 piercing. Shortbow: +5 to hit, 80/320, 1d6+3 piercing.",Basic
Air Elemental,Large,elemental,neutral,15,90 (12d10+24),"0 ft., fly 90 ft. (hover)",14,20,14,6,10,6,,,Lightning Thunder; Bludgeoning Piercing Slashing from nonmagical,Poison,Exhaustion Grappled Paralyzed Petrified Poisoned Prone Restrained Unconscious,Darkvision 60 ft.; Passive Perception 10,Auran,5,1800,Air Form (move through 1-inch openings without squeezing).,"Multiattack: 2 slams. Slam: +8 to hit, 5ft, 2d8+5 bludgeoning. Whirlwind (recharge 4-6, 15ft sphere; STR DC 13 or 3d8 bludgeoning + flung 20ft).",Basic
Earth Elemental,Large,elemental,neutral,17 (natural),126 (12d10+60),"30 ft., burrow 30 ft.",20,8,20,5,10,5,,,Bludgeoning Piercing Slashing from nonmagical,Poison,Exhaustion Paralyzed Petrified Poisoned Unconscious,Darkvision 60 ft.; Tremorsense 60 ft.; Passive Perception 10,Terran,5,1800,Earth Glide; Siege Monster.,"Multiattack: 2 slams. Slam: +8 to hit, 10ft, 2d8+5 bludgeoning.",Basic
Fire Elemental,Large,elemental,neutral,13,102 (12d10+36),50 ft.,10,17,16,6,10,7,,,Bludgeoning Piercing Slashing from nonmagical,Fire Poison,Exhaustion Grappled Paralyzed Petrified Poisoned Prone Restrained Unconscious,Darkvision 60 ft.; Passive Perception 10,Ignan,5,1800,Fire Form (move through 1-inch openings; +1d10 fire on contact); Illumination; Water Susceptibility.,"Multiattack: 2 touches. Touch: +6 to hit, 5ft, 2d6+3 fire + ignite (if not wearing magical/protected gear; 1d10 fire each turn until put out).",Basic
Water Elemental,Large,elemental,neutral,14,114 (12d10+48),"30 ft., swim 90 ft.",18,14,18,5,10,8,,,Acid; Bludgeoning Piercing Slashing from nonmagical,Poison,Exhaustion Grappled Paralyzed Petrified Poisoned Prone Restrained Unconscious,Darkvision 60 ft.; Passive Perception 10,Aquan,5,1800,Water Form; Freeze (cold damage = partially frozen; speed -20).,"Multiattack: 2 slams. Slam: +7 to hit, 5ft, 2d8+4 bludgeoning. Whelm (recharge 4-6, 5x10 area STR DC 15 push back; up to 4 medium creatures grappled).",Basic
Stone Golem,Large,construct,unaligned,17 (natural),178 (17d10+85),30 ft.,22,9,20,3,11,1,,,,Poison Psychic; Bludgeoning Piercing Slashing from nonmagical non-adamantine,Charmed Exhaustion Frightened Paralyzed Petrified Poisoned,Darkvision 120 ft.; Passive Perception 10,Understands languages of creator but can't speak,10,5900,Immutable Form; Magic Resistance; Magic Weapons.,"Multiattack: 2 slams. Slam: +10 to hit, 5ft, 3d8+6 bludgeoning. Slow (recharge 5-6, 10ft 30ft cone WIS DC 17 or speed halved attacks/saves disadvantage 1 minute).",Basic
Iron Golem,Large,construct,unaligned,20 (natural),210 (20d10+100),30 ft.,24,9,20,3,11,1,,,,Fire Poison Psychic; Bludgeoning Piercing Slashing from nonmagical non-adamantine,Charmed Exhaustion Frightened Paralyzed Petrified Poisoned,Darkvision 120 ft.; Passive Perception 10,Understands creator's languages but can't speak,16,15000,Fire Absorption; Immutable Form; Magic Resistance; Magic Weapons.,"Multiattack: 2 slams. Slam: +13 to hit, 5ft, 3d10+7 bludgeoning. Sword: +13 to hit, 10ft, 3d10+7 slashing. Poison Breath (recharge 6, 15ft cone CON DC 19 half 10d8 poison).",Basic
Black Pudding,Large,ooze,unaligned,7,85 (10d10+30),"20 ft., climb 20 ft.",16,5,16,1,6,1,,,Acid Cold Lightning Slashing,,Blinded Charmed Deafened Exhaustion Frightened Prone,Blindsight 60 ft.; Passive Perception 8,,4,1100,Amorphous; Corrosive Form (creature touching = 4 acid; metal/wood corroded = 1d4 reduction); Spider Climb.,"Pseudopod: +5 to hit, 5ft, 1d6+3 bludgeoning + 4d8 acid. Split (when bludgeoning damage and Med+ size and HP ≥10: split into two new puddings).",Basic
Gelatinous Cube,Large,ooze,unaligned,6,84 (8d10+40),15 ft.,14,3,20,1,6,1,,,,,Blinded Charmed Deafened Exhaustion Frightened Prone,Blindsight 60 ft. (blind beyond);Passive Perception 8,,2,450,Ooze Cube (engulfs items); Transparent.,"Pseudopod: +4 to hit, 5ft, 3d6 acid. Engulf (move into space of Large creatures; DEX DC 12 or engulfed - blinded restrained encased in cube; 6d6 acid at start of cube's turns inside).",Basic
Gray Ooze,Medium,ooze,unaligned,8,22 (3d8+9),"10 ft., climb 10 ft.",12,6,16,1,6,2,,Stealth +2,Acid Cold Fire,,Blinded Charmed Deafened Exhaustion Frightened Prone,Blindsight 60 ft.; Passive Perception 8,,1/2,100,Amorphous; Corrode Metal; False Appearance.,"Pseudopod: +3 to hit, 5ft, 1d6+1 bludgeoning + 2d6 acid + DEX DC 11 if metal armor or shield: -1 cumulative AC.",Basic
Ochre Jelly,Large,ooze,unaligned,8,45 (6d10+12),"10 ft., climb 10 ft.",15,6,14,2,6,1,,,Acid; Slashing,Lightning,Blinded Charmed Deafened Exhaustion Frightened Prone,Blindsight 60 ft.; Passive Perception 8,,2,450,Amorphous; Spider Climb; Split (lightning or slashing damage when M+ size and HP ≥10: split).,"Pseudopod: +4 to hit, 5ft, 2d6+2 bludgeoning + 1d6 acid.",Basic
