name,level,school,casting_time,range,components,duration,concentration,ritual,classes,description,source
Acid Splash,0,Conjuration,1 action,60 feet,V S,Instantaneous,No,No,"Sorcerer, Wizard",Hurl a bubble of acid at one creature (or two within 5ft of each other). DEX save or take 1d6 acid damage. +1d6 at 5/11/17.,Basic
Chill Touch,0,Necromancy,1 action,120 feet,V S,1 round,No,No,"Sorcerer, Warlock, Wizard","Spell attack vs target. On hit 1d8 necrotic, target can't regain HP until end of your next turn. Undead also has disadvantage on attacks vs you. +1d8 at 5/11/17.",Basic
Dancing Lights,0,Evocation,1 action,120 feet,V S M (phosphorus or wychwood),1 minute,Yes,No,"Bard, Sorcerer, Wizard",Create up to 4 torch-sized lights in range. Bonus action to move them up to 60ft.,Basic
Druidcraft,0,Transmutation,1 action,30 feet,V S,Instantaneous,No,No,Druid,"Predict weather (24h), make a flower bud bloom, sense magical effect, light/snuff a small flame.",Basic
Eldritch Blast,0,Evocation,1 action,120 feet,V S,Instantaneous,No,No,Warlock,Beam of crackling energy. Spell attack 1d10 force per beam. Multiple beams at 5/11/17 (2/3/4 beams).,Basic
Fire Bolt,0,Evocation,1 action,120 feet,V S,Instantaneous,No,No,"Sorcerer, Wizard",Spell attack 1d10 fire. Ignites flammable unattended objects. +1d10 at 5/11/17.,Basic
Guidance,0,Divination,1 action,Touch,V S,1 minute,Yes,No,"Cleric, Druid","Touch a willing creature. Once before spell ends, target rolls 1d4 and adds to one ability check.",Basic
Light,0,Evocation,1 action,Touch,V M (firefly or phosphorescent moss),1 hour,No,No,"Bard, Cleric, Sorcerer, Wizard",Touched object sheds bright 20ft and dim 20ft more. Object up to 10ft creature; held creature can DEX save.,Basic
Mage Hand,0,Conjuration,1 action,30 feet,V S,1 minute,No,No,"Bard, Sorcerer, Warlock, Wizard","Spectral hand at point in range. Manipulate objects, open unlocked door/container, stow/retrieve from open container, pour. Range up to 30 ft. Cannot attack/use magic items/carry >10 lb.",Basic
Mending,0,Transmutation,1 minute,Touch,V S M (two lodestones),Instantaneous,No,No,"Bard, Cleric, Druid, Sorcerer, Wizard",Repair a single break/tear in object touched (max 1 ft long).,Basic
Message,0,Transmutation,1 action,120 feet,V S M (copper wire),1 round,No,No,"Bard, Sorcerer, Wizard",Whisper a message to one creature in range. They can whisper back.,Basic
Minor Illusion,0,Illusion,1 action,30 feet,S M (fleece),1 minute,No,No,"Bard, Sorcerer, Warlock, Wizard",Create sound or 5ft cube image. INT (Investigation) check vs spell save DC to discern illusion.,Basic
Poison Spray,0,Conjuration,1 action,10 feet,V S,Instantaneous,No,No,"Druid, Sorcerer, Warlock, Wizard",Target CON save or 1d12 poison. +1d12 at 5/11/17.,Basic
Prestidigitation,0,Transmutation,1 action,10 feet,V S,Up to 1 hour,No,No,"Bard, Sorcerer, Warlock, Wizard","Minor magical trick: sensory effect, light/snuff small flame, clean/soil object, warm/chill 1lb of nonliving material, color/mark surface, create non-functional trinket/illusory image.",Basic
Produce Flame,0,Conjuration,1 action,Self,V S,10 minutes,No,No,Druid,Flickering flame in hand. Light 10ft bright/10ft dim. Action to throw: ranged spell attack 1d8 fire. +1d8 at 5/11/17.,Basic
Ray of Frost,0,Evocation,1 action,60 feet,V S,Instantaneous,No,No,"Sorcerer, Wizard",Spell attack 1d8 cold; target speed -10 ft until your next turn. +1d8 at 5/11/17.,Basic
Resistance,0,Abjuration,1 action,Touch,V S M (miniature cloak),1 minute,Yes,No,"Cleric, Druid",Touched creature can roll 1d4 and add to one save once before spell ends.,Basic
Sacred Flame,0,Evocation,1 action,60 feet,V S,Instantaneous,No,No,Cleric,Target DEX save or 1d8 radiant. No cover benefit. +1d8 at 5/11/17.,Basic
Shillelagh,0,Transmutation,1 bonus action,Touch,V S M (mistletoe/shamrock leaf and a club/quarterstaff),1 minute,No,No,Druid,Wood weapon (club/quarterstaff) becomes magic with 1d8 damage and uses spellcasting mod for attack/damage.,Basic
Shocking Grasp,0,Evocation,1 action,Touch,V S,Instantaneous,No,No,"Sorcerer, Wizard",Melee spell attack with advantage if target wearing metal. 1d8 lightning; target can't take reactions until end of next turn. +1d8 at 5/11/17.,Basic
Spare the Dying,0,Necromancy,1 action,Touch,V S,Instantaneous,No,No,Cleric,Touch a creature with 0 HP and stable. Becomes stable.,Basic
Thaumaturgy,0,Transmutation,1 action,30 feet,V,Up to 1 minute,No,No,Cleric,"Voice 3x volume, flicker flames, harmless tremor, instantaneous sound, door slam, alter eyes appearance. Up to 3 effects active.",Basic
True Strike,0,Divination,1 action,30 feet,S,Concentration up to 1 round,Yes,No,"Bard, Sorcerer, Warlock, Wizard",Advantage on first attack roll vs target on next turn.,Basic
Vicious Mockery,0,Enchantment,1 action,60 feet,V,Instantaneous,No,No,Bard,Target WIS save or 1d4 psychic and disadvantage on next attack roll. +1d4 at 5/11/17.,Basic
Alarm,1,Abjuration,1 minute,30 feet,V S M (tiny silver bell + fine silver wire),8 hours,No,Yes,"Ranger, Wizard",Set alarm in 20ft cube. Audible (heard 60ft) or mental alarm.,Basic
Animal Friendship,1,Enchantment,1 action,30 feet,V S M (morsel of food),24 hours,No,No,"Bard, Druid, Ranger",Beast WIS save (immune if INT 4+). On fail charmed.,Basic
Bane,1,Enchantment,1 action,30 feet,V S M (drop of blood),Concentration up to 1 minute,Yes,No,"Bard, Cleric",Up to 3 creatures CHA save or subtract 1d4 from attacks/saves. Upcast +1 target per slot above 1st.,Basic
Bless,1,Enchantment,1 action,30 feet,V S M (sprinkling of holy water),Concentration up to 1 minute,Yes,No,"Cleric, Paladin",Up to 3 creatures add 1d4 to attacks and saves. Upcast +1 target per slot.,Basic
Burning Hands,1,Evocation,1 action,Self (15-foot cone),V S,Instantaneous,No,No,"Sorcerer, Wizard",DEX save half. 3d6 fire. Ignites unattended flammables. +1d6 per slot above 1st.,Basic
Charm Person,1,Enchantment,1 action,30 feet,V S,1 hour,No,No,"Bard, Druid, Sorcerer, Warlock, Wizard",Humanoid WIS save (advantage if attacked by you/companions). On fail charmed; treats you as friendly. Upcast +1 target per slot.,Basic
Color Spray,1,Illusion,1 action,Self (15-foot cone),V S M (red/yellow/blue powder),1 round,No,No,"Sorcerer, Wizard",Roll 6d10 total HP affected (lowest first). Each creature in cone with HP ≤ remaining counter is blinded until your next turn. Upcast +2d10 per slot.,Basic
Command,1,Enchantment,1 action,60 feet,V,1 round,No,No,"Cleric, Paladin",Target WIS save (immune if can't understand). On fail follow command (approach/drop/flee/grovel/halt) on its next turn. Upcast +1 target per slot.,Basic
Comprehend Languages,1,Divination,1 action,Self,V S M (pinch of soot and salt),1 hour,No,Yes,"Bard, Sorcerer, Warlock, Wizard",Understand any spoken language and read written languages you touch (1 page/min).,Basic
Create or Destroy Water,1,Transmutation,1 action,30 feet,V S M (drop of water/few grains of sand),Instantaneous,No,No,"Cleric, Druid",Create up to 10 gal water in container or 30ft cube of rain; or destroy same volume of water/fog. Upcast +10gal or +5ft cube per slot.,Basic
Cure Wounds,1,Evocation,1 action,Touch,V S,Instantaneous,No,No,"Bard, Cleric, Druid, Paladin, Ranger",Touch a creature; regain 1d8 + spellcasting mod HP. No effect on undead/constructs. +1d8 per slot above 1st.,Basic
Detect Evil and Good,1,Divination,1 action,Self,V S,Concentration up to 10 minutes,Yes,No,"Cleric, Paladin",Sense aberrations/celestials/elementals/fey/fiends/undead and consecrated/desecrated places within 30ft.,Basic
Detect Magic,1,Divination,1 action,Self,V S,Concentration up to 10 minutes,Yes,Yes,"Bard, Cleric, Druid, Paladin, Ranger, Sorcerer, Wizard",Sense magic within 30ft. Action to focus to see faint aura and learn school.,Basic
Detect Poison and Disease,1,Divination,1 action,Self,V S M (yew leaf),Concentration up to 10 minutes,Yes,Yes,"Cleric, Druid, Paladin, Ranger",Sense poisons/poisonous creatures/disease within 30ft.,Basic
Disguise Self,1,Illusion,1 action,Self,V S,1 hour,No,No,"Bard, Sorcerer, Wizard",Change appearance (look/clothes/voice/+/-1ft height +/-). Inspection: action + INT (Investigation) vs save DC to discern.,Basic
Divine Favor,1,Evocation,1 bonus action,Self,V S,Concentration up to 1 minute,Yes,No,Paladin,Weapon attacks deal +1d4 radiant damage.,Basic
Entangle,1,Conjuration,1 action,90 feet,V S,Concentration up to 1 minute,Yes,No,Druid,20ft square of grasping plants. STR save or restrained. Difficult terrain. STR action to free.,Basic
Faerie Fire,1,Evocation,1 action,60 feet,V,Concentration up to 1 minute,Yes,No,"Bard, Druid",Each object/creature in 20ft cube DEX save or outlined; advantage on attacks vs them; can't benefit from invisibility.,Basic
False Life,1,Necromancy,1 action,Self,V S M (small amount of alcohol or distilled spirits),1 hour,No,No,"Sorcerer, Wizard",Gain 1d4+4 temp HP. Upcast +5 per slot above 1st.,Basic
Feather Fall,1,Transmutation,1 reaction (when you or creature within 60ft falls),60 feet,V M (small feather or piece of down),1 minute,No,No,"Bard, Sorcerer, Wizard",Up to 5 falling creatures: rate 60ft/round; no fall damage. Ends on landing or duration.,Basic
Find Familiar,1,Conjuration,1 hour,10 feet,V S M (10gp charcoal/incense/herbs - consumed),Instantaneous,No,Yes,Wizard,Summon a tiny spirit (familiar) in beast form (bat/cat/crab/frog/hawk/lizard/octopus/owl/poisonous snake/fish/rat/raven/sea horse/spider/weasel). Telepathic 100ft. Can deliver touch spells. Action to dismiss/resummon.,Basic
Floating Disk,1,Conjuration,1 action,30 feet,V S M (drop of mercury),1 hour,No,Yes,Wizard,3ft circular horizontal disk floating 3ft off ground; carry up to 500lb. Follows you within 20ft.,Basic
Fog Cloud,1,Conjuration,1 action,120 feet,V S,Concentration up to 1 hour,Yes,No,"Druid, Ranger, Sorcerer, Wizard",20ft radius sphere of fog; heavily obscured. Upcast +20ft radius per slot.,Basic
Goodberry,1,Transmutation,1 action,Touch,V S M (sprig of mistletoe),Instantaneous,No,No,"Druid, Ranger",Up to 10 magical berries. One eaten = 1 HP and counts as full meal. Lasts 24h.,Basic
Grease,1,Conjuration,1 action,60 feet,V S M (bit of pork rind or butter),1 minute,No,No,Wizard,10ft square difficult terrain. Creatures DEX save or fall prone (entering/in area on cast).,Basic
Guiding Bolt,1,Evocation,1 action,120 feet,V S,1 round,No,No,Cleric,Spell attack 4d6 radiant. Next attack vs target before end of next turn has advantage. +1d6 per slot above 1st.,Basic
Healing Word,1,Evocation,1 bonus action,60 feet,V,Instantaneous,No,No,"Bard, Cleric, Druid",Creature regains 1d4 + spellcasting mod HP. No undead/constructs. +1d4 per slot above 1st.,Basic
Hellish Rebuke,1,Evocation,1 reaction (when you take damage from creature within 60ft),60 feet,V S,Instantaneous,No,No,Warlock,Target DEX save half. 2d10 fire. Upcast +1d10 per slot above 1st.,Basic
Heroism,1,Enchantment,1 action,Touch,V S,Concentration up to 1 minute,Yes,No,"Bard, Paladin",Willing creature immune to frightened; gain temp HP = spellcasting mod at start of each turn.,Basic
Hideous Laughter,1,Enchantment,1 action,30 feet,V S M (tiny tarts and a feather waved in air),Concentration up to 1 minute,Yes,No,"Bard, Wizard",Creature WIS save (immune if INT ≤4) or fall prone laughing; incapacitated. Repeat save when damaged or each turn (with disadvantage if no LOS).,Basic
Hunter's Mark,1,Divination,1 bonus action,90 feet,V,Concentration up to 1 hour,Yes,No,Ranger,"Mark a creature; +1d6 weapon damage vs it; advantage on Perception/Survival to track. Bonus action to switch on kill. Upcast: 8h at 3rd-4th, 24h at 5th+.",Basic
Identify,1,Divination,1 minute,Touch,V S M (pearl worth 100gp),Instantaneous,No,Yes,"Bard, Wizard","Learn properties of magic item touched (uses, command word, charges) or any spells affecting object/creature.",Basic
Illusory Script,1,Illusion,1 minute,Touch,S M (lead-based ink worth 10gp - consumed),10 days,No,Yes,"Bard, Warlock, Wizard",Write secret message visible only to specified creatures.,Basic
Inflict Wounds,1,Necromancy,1 action,Touch,V S,Instantaneous,No,No,Cleric,Melee spell attack 3d10 necrotic. +1d10 per slot above 1st.,Basic
Jump,1,Transmutation,1 action,Touch,V S M (grasshopper hind leg),1 minute,No,No,"Druid, Ranger, Sorcerer, Wizard",Touched creature's jump distance tripled.,Basic
Longstrider,1,Transmutation,1 action,Touch,V S M (pinch of dirt),1 hour,No,No,"Bard, Druid, Ranger, Wizard",Touched creature speed +10. Upcast +1 target per slot.,Basic
Mage Armor,1,Abjuration,1 action,Touch,V S M (piece of cured leather),8 hours,No,No,"Sorcerer, Wizard",Willing creature without armor: AC 13 + DEX mod. Ends if armor donned or dismissed.,Basic
Magic Missile,1,Evocation,1 action,120 feet,V S,Instantaneous,No,No,"Sorcerer, Wizard","3 darts auto-hit, each 1d4+1 force. Distribute as desired. Upcast +1 dart per slot above 1st.",Basic
Protection from Evil and Good,1,Abjuration,1 action,Touch,V S M (holy water or powdered silver and iron - consumed),Concentration up to 10 minutes,Yes,No,"Cleric, Paladin, Warlock, Wizard",Target protected vs aberrations/celestials/elementals/fey/fiends/undead: they have disadvantage on attacks vs target; target advantage on saves vs them; can't be charmed/frightened/possessed.,Basic
Purify Food and Drink,1,Transmutation,1 action,10 feet,V S,Instantaneous,No,Yes,"Cleric, Druid, Paladin",All food/drink in 5ft radius purified.,Basic
Sanctuary,1,Abjuration,1 bonus action,30 feet,V S M (small silver mirror),1 minute,No,No,"Cleric, Paladin",Creature attacking warded: WIS save or choose new target. Save DC same as spell. Ends if warded attacks/casts harmful spell.,Basic
Shield,1,Abjuration,1 reaction (when hit by attack or targeted by magic missile),Self,V S,1 round,No,No,"Sorcerer, Wizard",+5 AC until start of next turn (incl. triggering attack). No damage from magic missile.,Basic
Shield of Faith,1,Abjuration,1 bonus action,60 feet,V S M (small parchment with holy text),Concentration up to 10 minutes,Yes,No,"Cleric, Paladin",Target +2 AC.,Basic
Silent Image,1,Illusion,1 action,60 feet,V S M (bit of fleece),Concentration up to 10 minutes,Yes,No,"Bard, Sorcerer, Wizard",15ft cube illusion. No sound/smell/temp. INT (Investigation) action vs DC.,Basic
Sleep,1,Enchantment,1 action,90 feet,V S M (pinch of fine sand/rose petals/cricket),1 minute,No,No,"Bard, Sorcerer, Wizard",5d8 HP total. Affect creatures from lowest to highest HP within 20ft sphere; sleeping unconscious. Undead/charm-immune unaffected. Upcast +2d8 per slot above 1st.,Basic
Speak with Animals,1,Divination,1 action,Self,V S,10 minutes,No,Yes,"Bard, Druid, Ranger",Communicate with beasts (limited).,Basic
Thunderwave,1,Evocation,1 action,Self (15-foot cube),V S,Instantaneous,No,No,"Bard, Druid, Sorcerer, Wizard",Each creature CON save half. 2d8 thunder. Pushed 10ft on fail. Audible 300ft. Upcast +1d8 per slot.,Basic
Unseen Servant,1,Conjuration,1 action,60 feet,V S M (piece of string and bit of wood),1 hour,No,Yes,"Bard, Warlock, Wizard",Invisible mindless servant. STR 2; AC 10; HP 1; speed 15. Bonus action to direct.,Basic
Witch Bolt,1,Evocation,1 action,30 feet,V S M (twig from tree struck by lightning),Concentration up to 1 minute,Yes,No,"Sorcerer, Warlock, Wizard",Spell attack. On hit 1d12 lightning + sustained beam: action each turn for 1d12 lightning. Upcast +1d12 initial per slot above 1st.,Basic
Acid Arrow,2,Evocation,1 action,90 feet,V S M (powdered rhubarb leaf and adder's stomach),Instantaneous,No,No,Wizard,Spell attack 4d4 acid + 2d4 acid at end of next turn. Half on miss (no end-of-next damage). Upcast +1d4 immediate and +1d4 delayed per slot.,Basic
Aid,2,Abjuration,1 action,30 feet,V S M (tiny strip of white cloth),8 hours,No,No,"Cleric, Paladin",Up to 3 creatures HP max +5 and current HP +5. Upcast +5 HP per slot above 2nd.,Basic
Alter Self,2,Transmutation,1 action,Self,V S,Concentration up to 1 hour,Yes,No,"Sorcerer, Wizard",Aquatic Adaptation OR Change Appearance OR Natural Weapons (1d6 + STR/DEX magic).,Basic
Animal Messenger,2,Enchantment,1 action,30 feet,V S M (morsel of food),24 hours,No,Yes,"Bard, Druid, Ranger",Send tiny beast with 25-word message to a destination.,Basic
Arcane Lock,2,Abjuration,1 action,Touch,V S M (gold dust 25gp - consumed),Until dispelled,No,No,Wizard,Lock object/door. DC +10 to break/pick. Set password to bypass.,Basic
Augury,2,Divination,1 minute,Self,V S M (specially marked sticks/bones/cards 25gp),Instantaneous,No,Yes,Cleric,Receive omen for action within next 30 min: weal/woe/weal and woe/nothing.,Basic
Barkskin,2,Transmutation,1 action,Touch,V S M (handful of oak bark),Concentration up to 1 hour,Yes,No,"Druid, Ranger",Willing creature AC ≥16 (regardless of armor).,Basic
Blindness/Deafness,2,Necromancy,1 action,30 feet,V,1 minute,No,No,"Bard, Cleric, Sorcerer, Wizard",Creature CON save or blinded or deafened (your choice). Save at end of each turn. Upcast +1 target per slot.,Basic
Blur,2,Illusion,1 action,Self,V,Concentration up to 1 minute,Yes,No,"Sorcerer, Wizard",Attacks vs you have disadvantage (unless attacker uses non-sight or has blindsight/truesight).,Basic
Branding Smite,2,Evocation,1 bonus action,Self,V,Concentration up to 1 minute,Yes,No,Paladin,Next weapon hit this turn deals +2d6 radiant; if invisible target becomes visible; gives off dim light 5ft. Upcast +1d6 per slot.,Basic
Calm Emotions,2,Enchantment,1 action,60 feet,V S,Concentration up to 1 minute,Yes,No,"Bard, Cleric",Each humanoid in 20ft radius CHA save. On fail: end charmed/frightened OR suppress hostility (won't attack you).,Basic
Continual Flame,2,Evocation,1 action,Touch,V S M (ruby dust 50gp - consumed),Until dispelled,No,No,"Cleric, Wizard",Permanent torch-light flame on touched object. No heat/fuel.,Basic
Darkness,2,Evocation,1 action,60 feet,V M (bat fur and a drop of pitch or coal),Concentration up to 10 minutes,Yes,No,"Sorcerer, Warlock, Wizard",15ft sphere magical darkness. Darkvision can't see through. Light spell ≤2nd is suppressed.,Basic
Darkvision,2,Transmutation,1 action,Touch,V S M (carrot/agate),8 hours,No,No,"Druid, Ranger, Sorcerer, Wizard",Willing creature gains darkvision 60ft.,Basic
Detect Thoughts,2,Divination,1 action,Self,V S M (copper piece),Concentration up to 1 minute,Yes,No,"Bard, Sorcerer, Wizard",Probe surface thoughts of creature within 30ft (WIS save to resist deeper probe).,Basic
Enhance Ability,2,Transmutation,1 action,Touch,V S M (fur or feather of a beast),Concentration up to 1 hour,Yes,No,"Bard, Cleric, Druid, Sorcerer",Bear's Endurance/Bull's Strength/Cat's Grace/Eagle's Splendor/Fox's Cunning/Owl's Wisdom: advantage on chosen ability checks; some +temp HP or +carrying. Upcast +1 target per slot.,Basic
Enlarge/Reduce,2,Transmutation,1 action,30 feet,V S M (powdered iron),Concentration up to 1 minute,Yes,No,"Sorcerer, Wizard","Enlarge: size +1 category, advantage on STR checks/saves, +1d4 weapon damage. Reduce: size -1 category, disadvantage on STR checks/saves, -1d4 weapon damage. CON save to resist if unwilling.",Basic
Enthrall,2,Enchantment,1 action,60 feet,V S,1 minute,No,No,"Bard, Warlock",WIS save or disadvantage on Perception checks vs anyone except you for duration.,Basic
Find Steed,2,Conjuration,10 minutes,30 feet,V S,Instantaneous,No,No,Paladin,Summon spirit-bound mount (warhorse/pony/camel/elk/mastiff). Intelligent; bond with rider; communication.,Basic
Find Traps,2,Divination,1 action,120 feet,V S,Instantaneous,No,No,"Cleric, Druid, Ranger",Sense if traps present in line of sight; doesn't reveal location/type.,Basic
Flame Blade,2,Evocation,1 bonus action,Self,V S M (sumac leaf),Concentration up to 10 minutes,Yes,No,Druid,Fiery blade in hand. Action to attack 3d6 fire (melee spell attack). Sheds bright 10ft/dim 10ft. Upcast +1d6 per 2 slots.,Basic
Flaming Sphere,2,Conjuration,1 action,60 feet,V S M (pinch of sulfur),Concentration up to 1 minute,Yes,No,"Druid, Wizard",5ft sphere of fire. DEX save half 2d6 fire on creatures within 5ft (auto on cast). Bonus action to move 30ft. Ram into creature: DEX save. Upcast +1d6 per slot above 2nd.,Basic
Gentle Repose,2,Necromancy,1 action,Touch,V S M (pinch of salt and copper pieces on eyes),10 days,No,Yes,"Cleric, Wizard",Corpse no decay; doesn't become undead.,Basic
Gust of Wind,2,Evocation,1 action,Self (60-foot line),V S M (legume seed),Concentration up to 1 minute,Yes,No,"Druid, Sorcerer, Wizard",60ft line × 10ft wide of strong wind. STR save or pushed 15ft. Halves movement of creatures going against. Disperses gas/fog. Bonus action redirect.,Basic
Heat Metal,2,Transmutation,1 action,60 feet,V S M (piece of iron and a flame),Concentration up to 1 minute,Yes,No,"Bard, Druid",Metal object glows red. Holding/wearing creature 2d8 fire on cast. Bonus action to repeat. CON save or drop and have disadvantage on attacks/checks. Upcast +1d8 per slot.,Basic
Hold Person,2,Enchantment,1 action,60 feet,V S M (small straight piece of iron),Concentration up to 1 minute,Yes,No,"Bard, Cleric, Druid, Sorcerer, Warlock, Wizard",Humanoid WIS save or paralyzed. Repeat save end of each turn. Upcast +1 target per slot above 2nd.,Basic
Invisibility,2,Illusion,1 action,Touch,V S M (eyelash in gum arabic),Concentration up to 1 hour,Yes,No,"Bard, Sorcerer, Warlock, Wizard",Touched creature invisible. Ends if attacks/casts spell. Upcast +1 target per slot above 2nd.,Basic
Knock,2,Transmutation,1 action,60 feet,V,Instantaneous,No,No,"Bard, Sorcerer, Wizard",Open one locked/stuck/barred object. Suppresses arcane lock for 10 min. Loud knock 300ft.,Basic
Lesser Restoration,2,Abjuration,1 action,Touch,V S,Instantaneous,No,No,"Bard, Cleric, Druid, Paladin, Ranger",End one disease or one condition: blinded/deafened/paralyzed/poisoned.,Basic
Levitate,2,Transmutation,1 action,60 feet,V S M (small leather loop or piece of golden wire bent into a cup),Concentration up to 10 minutes,Yes,No,"Sorcerer, Wizard",One creature/object up to 500lb. Rises 20ft. CON save resist if unwilling. Move up to 20ft up/down per turn.,Basic
Locate Animals or Plants,2,Divination,1 action,Self,V S M (bit of fur from a bloodhound),Instantaneous,No,Yes,"Bard, Druid, Ranger",Sense location/direction of nearest specified beast or plant within 5 miles.,Basic
Locate Object,2,Divination,1 action,Self,V S M (forked twig),Concentration up to 10 minutes,Yes,No,"Bard, Cleric, Druid, Paladin, Ranger, Wizard",Sense direction of object you've seen up to 1000ft (or nearest of a kind).,Basic
Magic Mouth,2,Illusion,1 minute,30 feet,V S M (small bit of honeycomb and jade dust 10gp - consumed),Until dispelled,No,Yes,"Bard, Wizard",Implant message in object that delivers when triggered.,Basic
Magic Weapon,2,Transmutation,1 bonus action,Touch,V S,Concentration up to 1 hour,Yes,No,"Paladin, Wizard","Nonmagical weapon becomes magic with +1 to attack/damage. Upcast +2 at 4th, +3 at 6th.",Basic
Mirror Image,2,Illusion,1 action,Self,V S,1 minute,No,No,"Sorcerer, Warlock, Wizard",3 duplicates around you. Attack roll might hit a duplicate (d20 with thresholds: 6+/8+/11+ for 3/2/1 duplicates). Hit destroys duplicate.,Basic
Misty Step,2,Conjuration,1 bonus action,Self,V,Instantaneous,No,No,"Sorcerer, Warlock, Wizard",Teleport up to 30ft to unoccupied space you can see.,Basic
Moonbeam,2,Evocation,1 action,120 feet,V S M (several seeds of any moonseed plant and a piece of opalescent feldspar),Concentration up to 1 minute,Yes,No,Druid,5ft radius cylinder 40ft tall. CON save half 2d10 radiant on creatures entering or starting turn in. Bonus action to move 60ft. Shapechangers disadvantage. Upcast +1d10 per slot.,Basic
Pass without Trace,2,Abjuration,1 action,Self,V S M (ashes from a burned leaf of mistletoe and a sprig of spruce),Concentration up to 1 hour,Yes,No,"Druid, Ranger",You and creatures within 30ft +10 Stealth and can't be tracked except by magic.,Basic
Phantasmal Force,2,Illusion,1 action,60 feet,V S M (bit of fleece),Concentration up to 1 minute,Yes,No,"Bard, Sorcerer, Wizard",INT save or believe phantom. Damage 1d6 psychic (perceived). INT (Investigation) to disbelieve. 10ft cube area.,Basic
Prayer of Healing,2,Evocation,10 minutes,30 feet,V,Instantaneous,No,No,Cleric,Up to 6 creatures regain 2d8 + spellcasting mod HP. Upcast +1d8 per slot above 2nd.,Basic
Protection from Poison,2,Abjuration,1 action,Touch,V S,1 hour,No,No,"Cleric, Druid, Paladin, Ranger",Neutralize one poison; advantage on saves vs poison and resistance to poison damage.,Basic
Ray of Enfeeblement,2,Necromancy,1 action,60 feet,V S,Concentration up to 1 minute,Yes,No,"Warlock, Wizard",Spell attack. On hit creature deals half STR weapon damage. CON save end of each turn to end.,Basic
Rope Trick,2,Transmutation,1 action,Touch,V S M (powdered corn and a twisted loop of parchment),1 hour,No,No,Wizard,Touched rope rises 60ft into extradimensional space holding 8 medium creatures.,Basic
Scorching Ray,2,Evocation,1 action,120 feet,V S,Instantaneous,No,No,"Sorcerer, Wizard",3 fiery rays. Each: spell attack 2d6 fire. Upcast +1 ray per slot above 2nd.,Basic
See Invisibility,2,Divination,1 action,Self,V S M (pinch of talc and a small sprinkling of powdered silver),1 hour,No,No,"Bard, Sorcerer, Wizard",See invisible/Ethereal plane creatures and objects within 30ft.,Basic
Shatter,2,Evocation,1 action,60 feet,V S M (chip of mica),Instantaneous,No,No,"Bard, Sorcerer, Warlock, Wizard",10ft radius sphere. CON save half 3d8 thunder. Constructs disadvantage. Nonmagical objects break. Upcast +1d8 per slot.,Basic
Silence,2,Illusion,1 action,120 feet,V S,Concentration up to 10 minutes,Yes,Yes,"Bard, Cleric, Ranger",20ft radius sphere. No sound; no V components in or through.,Basic
Spider Climb,2,Transmutation,1 action,Touch,V S M (drop of bitumen and a spider),Concentration up to 1 hour,Yes,No,"Sorcerer, Warlock, Wizard",Touched creature climbs walls/ceilings hands free. Climb speed = walk speed.,Basic
Spike Growth,2,Transmutation,1 action,150 feet,V S M (seven sharp thorns or pointed twigs),Concentration up to 10 minutes,Yes,No,"Druid, Ranger",20ft radius difficult terrain. 2d4 piercing per 5ft moved.,Basic
Spiritual Weapon,2,Evocation,1 bonus action,60 feet,V S,1 minute,No,No,Cleric,Floating weapon. Bonus action to attack: melee spell attack 1d8 + spellcasting mod force damage. Bonus action to move 20ft. Upcast +1d8 per 2 slots above 2nd.,Basic
Suggestion,2,Enchantment,1 action,30 feet,V M (snake's tongue and either a bit of honeycomb or a drop of sweet oil),Concentration up to 8 hours,Yes,No,"Bard, Sorcerer, Warlock, Wizard",Target WIS save or follow course of action (≤25 word) for duration.,Basic
Warding Bond,2,Abjuration,1 action,Touch,V S M (pair of platinum rings worth at least 50 gp each - one on you one on target),1 hour,No,No,Cleric,"Target +1 AC, +1 saves, resistance to all damage. You take same damage target takes. Range up to 60ft.",Basic
Web,2,Conjuration,1 action,60 feet,V S M (bit of spiderweb),Concentration up to 1 hour,Yes,No,"Sorcerer, Wizard",20ft cube webs. Difficult terrain + lightly obscured. DEX save or restrained. STR action to escape.,Basic
Zone of Truth,2,Enchantment,1 action,60 feet,V S,10 minutes,No,No,"Bard, Cleric, Paladin",15ft radius. Each creature CHA save on entry; on fail can't lie (knows attempt). Aware of zone.,Basic
Animate Dead,3,Necromancy,1 minute,10 feet,"V S M (drop of blood, piece of flesh, pinch of bone dust)",Instantaneous,No,No,"Cleric, Wizard",Reanimate Medium/Small humanoid corpse as skeleton or zombie. Bonus action to command. Recast within 24h to maintain. Upcast +2 undead per slot.,Basic
Beacon of Hope,3,Abjuration,1 action,30 feet,V S,Concentration up to 1 minute,Yes,No,Cleric,Any number of willing creatures: advantage on WIS saves and death saves; max HP for healing.,Basic
Bestow Curse,3,Necromancy,1 action,Touch,V S,Concentration up to 1 minute,Yes,No,"Bard, Cleric, Wizard",Touched creature WIS save. On fail one curse: disadvantage on chosen ability checks/saves; disadvantage on attacks vs caster; WIS save each turn or waste action; +1d8 necrotic from your attacks/spells. Upcast: +duration (10min/8h/24h/dispel) and concentration changes.,Basic
Blink,3,Transmutation,1 action,Self,V S,1 minute,No,No,"Sorcerer, Wizard",End of each turn d20: 11+ disappear to Ethereal until next turn end then reappear unoccupied space ≤10ft.,Basic
Blinding Smite,3,Evocation,1 bonus action,Self,V,Concentration up to 1 minute,Yes,No,Paladin,Next weapon hit this turn +3d8 radiant + CON save or blinded.,Basic
Call Lightning,3,Conjuration,1 action,120 feet,V S,Concentration up to 10 minutes,Yes,No,Druid,Storm cloud 60ft radius. Action to call lightning bolt at point in range: DEX save half 3d10 lightning in 5ft cylinder. Outdoor stormy: 4d10. Upcast +1d10 per slot.,Basic
Clairvoyance,3,Divination,10 minutes,1 mile,V S M (focus jeweled horn worth 100gp or eye of newt),Concentration up to 10 minutes,Yes,No,"Bard, Cleric, Sorcerer, Wizard",Invisible sensor at chosen location: see/hear (your choice).,Basic
Conjure Animals,3,Conjuration,1 action,60 feet,V S,Concentration up to 1 hour,Yes,No,"Druid, Ranger",Summon: 1 CR2/2 CR1/4 CR1-2/8 CR1-4 fey beasts. Upcast: scale up. Friendly to you and companions.,Basic
Counterspell,3,Abjuration,1 reaction (when you see creature within 60ft casting spell),60 feet,S,Instantaneous,No,No,"Sorcerer, Warlock, Wizard",Spell ≤3rd auto-fails. Higher: ability check 1d20 + spellcasting mod vs DC 10 + spell level.,Basic
Create Food and Water,3,Conjuration,1 action,30 feet,V S,Instantaneous,No,No,"Cleric, Paladin",45lb food + 30 gal water (lasts 24h).,Basic
Crusader's Mantle,3,Evocation,1 action,Self (30-ft aura),V,Concentration up to 1 minute,Yes,No,Paladin,Friendly creatures in aura: weapon attacks deal +1d4 radiant.,Basic
Daylight,3,Evocation,1 action,60 feet,V S,1 hour,No,No,"Cleric, Druid, Paladin, Ranger, Sorcerer, Wizard",60ft radius bright sunlight + 60ft dim. Suppresses ≤3rd-level magical darkness.,Basic
Dispel Magic,3,Abjuration,1 action,120 feet,V S,Instantaneous,No,No,"Bard, Cleric, Druid, Paladin, Sorcerer, Warlock, Wizard",End spell ≤3rd-level on target. Higher: ability check 1d20 + spellcasting mod vs DC 10 + spell level. Upcast: auto-end spells ≤ slot level.,Basic
Elemental Weapon,3,Transmutation,1 action,Touch,V S,Concentration up to 1 hour,Yes,No,Paladin,"Nonmagical weapon becomes magic +1 attack/damage; +1d4 chosen damage type (acid/cold/fire/lightning/thunder). Upcast: +2/+2d4 at 5th-6th, +3/+3d4 at 7th+.",Basic
Fear,3,Illusion,1 action,Self (30-ft cone),V S M (white feather or heart of a hen),Concentration up to 1 minute,Yes,No,"Bard, Sorcerer, Warlock, Wizard",WIS save or frightened. On turn must Dash away. Save end of each turn (with disadvantage if no LOS).,Basic
Feign Death,3,Necromancy,1 action,Touch,V S M (pinch of graveyard dirt),1 hour,No,Yes,"Bard, Cleric, Druid, Wizard",Willing target appears dead; resistance to all damage except psychic; immune to poison/disease.,Basic
Fireball,3,Evocation,1 action,150 feet,V S M (tiny ball of bat guano and sulfur),Instantaneous,No,No,"Sorcerer, Wizard",20ft radius sphere. DEX save half. 8d6 fire. Ignites unattended flammables. Upcast +1d6 per slot above 3rd.,Basic
Fly,3,Transmutation,1 action,Touch,V S M (a wing feather from any bird),Concentration up to 10 minutes,Yes,No,"Sorcerer, Warlock, Wizard",Touched creature flying speed 60ft. Upcast +1 target per slot.,Basic
Gaseous Form,3,Transmutation,1 action,Touch,V S M (bit of gauze and a wisp of smoke),Concentration up to 1 hour,Yes,No,"Sorcerer, Warlock, Wizard",Willing creature becomes misty cloud; flight 10ft; resistance to nonmagical damage; advantage on STR/DEX/CON saves; pass through small openings; can't attack or cast.,Basic
Glyph of Warding,3,Abjuration,1 hour,Touch,V S M (incense and powdered diamond worth 200gp - consumed),Until dispelled or triggered,No,No,"Bard, Cleric, Wizard",Triggered explosive (5d8 chosen type) or stored spell (≤3rd). Upcast: damage scales; stored spell up to slot level.,Basic
Haste,3,Transmutation,1 action,30 feet,V S M (a shaving of licorice root),Concentration up to 1 minute,Yes,No,"Sorcerer, Wizard","Willing creature: speed ×2; +2 AC; advantage on DEX saves; extra action (Attack 1 weapon attack, Dash, Disengage, Hide, Use Object). End: can't move/act for 1 turn.",Basic
Hypnotic Pattern,3,Illusion,1 action,120 feet,S M (a glowing stick of incense or a crystal vial filled with phosphorescent material),Concentration up to 1 minute,Yes,No,"Bard, Sorcerer, Warlock, Wizard",30ft cube. WIS save or charmed; incapacitated; speed 0. Damage ends.,Basic
Lightning Bolt,3,Evocation,1 action,Self (100-ft line),V S M (a bit of fur and a rod of amber crystal or glass),Instantaneous,No,No,"Sorcerer, Wizard",100ft line × 5ft. DEX save half. 8d6 lightning. Upcast +1d6 per slot.,Basic
Magic Circle,3,Abjuration,1 minute,10 feet,V S M (holy water or powdered silver and iron worth 100gp - consumed),1 hour,No,No,"Cleric, Paladin, Warlock, Wizard",10ft radius × 20ft cylinder vs chosen creature type (celestials/elementals/fey/fiends/undead): can't enter; disadvantage on attacks vs creatures inside; can't charm/frighten/possess. Reverse to trap. Upcast: +1h per slot.,Basic
Major Image,3,Illusion,1 action,120 feet,V S M (bit of fleece),Concentration up to 10 minutes,Yes,No,"Bard, Sorcerer, Warlock, Wizard","20ft cube illusion with sound, smell, temperature. INT (Investigation) action vs save DC. Upcast: 6th = duration without concentration up to 10 days.",Basic
Mass Healing Word,3,Evocation,1 bonus action,60 feet,V,Instantaneous,No,No,Cleric,Up to 6 creatures: 1d4 + spellcasting mod HP. Upcast +1d4 per slot.,Basic
Meld into Stone,3,Transmutation,1 action,Touch,V S,8 hours,No,Yes,"Cleric, Druid",Step into a stone object/surface large enough. Mostly invisible/inaudible.,Basic
Nondetection,3,Abjuration,1 action,Touch,V S M (pinch of diamond dust 25gp - consumed),8 hours,No,No,"Bard, Ranger, Wizard",Hide creature/place/object from divination magic.,Basic
Phantom Steed,3,Illusion,1 minute,30 feet,V S,1 hour,No,Yes,Wizard,Quasi-real horse-like steed. AC 11; HP 1; speed 100. Disappears when reduced to 0 HP.,Basic
Plant Growth,3,Transmutation,1 action or 8 hours,150 feet,V S,Instantaneous,No,No,"Bard, Druid, Ranger",Action: 100ft radius difficult terrain. 8h: enrich plants in 1/2 mile radius for 1 year.,Basic
Protection from Energy,3,Abjuration,1 action,Touch,V S,Concentration up to 1 hour,Yes,No,"Cleric, Druid, Ranger, Sorcerer, Wizard",Resistance to chosen energy type (acid/cold/fire/lightning/thunder).,Basic
Remove Curse,3,Abjuration,1 action,Touch,V S,Instantaneous,No,No,"Cleric, Paladin, Warlock, Wizard",End all curses on creature/object touched.,Basic
Revivify,3,Necromancy,1 action,Touch,V S M (diamonds 300gp - consumed),Instantaneous,No,No,"Cleric, Paladin",Creature died within 1 minute returns with 1 HP. Doesn't return creature with missing body parts or that died of old age.,Basic
Sending,3,Evocation,1 action,Unlimited,V S M (short copper wire),1 round,No,No,"Bard, Cleric, Wizard",Send 25-word message to known creature. Recipient can reply.,Basic
Sleet Storm,3,Conjuration,1 action,150 feet,V S M (pinch of dust and a few drops of water),Concentration up to 1 minute,Yes,No,"Druid, Sorcerer, Wizard",20ft radius × 40ft cylinder. Heavily obscured. Difficult terrain. Open flames doused. DEX save on entering or fall prone. Concentration save (CON) when starting turn in.,Basic
Slow,3,Transmutation,1 action,120 feet,V S M (a drop of molasses),Concentration up to 1 minute,Yes,No,"Sorcerer, Wizard",Up to 6 creatures in 40ft cube WIS save. On fail: speed halved; -2 AC and DEX saves; only one action OR bonus; 50% chance casting fails action and bonus needed. Save end of each turn.,Basic
Speak with Dead,3,Necromancy,1 action,10 feet,V S M (burning incense),10 minutes,No,No,"Bard, Cleric",Up to 5 questions to corpse with mouth. Cryptic answers.,Basic
Speak with Plants,3,Transmutation,1 action,Self (30-ft radius),V S,10 minutes,No,No,"Bard, Druid, Ranger",Plants in 30ft answer questions; turn difficult terrain into normal.,Basic
Spirit Guardians,3,Conjuration,1 action,Self (15-ft radius),V S M (holy symbol),Concentration up to 10 minutes,Yes,No,Cleric,15ft radius difficult terrain to enemies. WIS save half 3d8 radiant or necrotic on entering or starting turn. Upcast +1d8 per slot.,Basic
Stinking Cloud,3,Conjuration,1 action,90 feet,V S M (rotten egg or several skunk cabbage leaves),Concentration up to 1 minute,Yes,No,"Bard, Sorcerer, Wizard",20ft radius cloud. Heavily obscured. CON save or use action retching for that turn. Wind disperses.,Basic
Tiny Hut,3,Evocation,1 minute,Self (10-ft radius hemisphere),V S M (small crystal bead),8 hours,No,Yes,"Bard, Wizard",Immobile dome (10ft radius). 9 medium creatures. Comfortable interior. Opaque from outside one-way.,Basic
Tongues,3,Divination,1 action,Touch,V M (small clay model of a ziggurat),1 hour,No,No,"Bard, Cleric, Sorcerer, Warlock, Wizard",Touched creature understands and speaks any spoken language.,Basic
Vampiric Touch,3,Necromancy,1 action,Self,V S,Concentration up to 1 minute,Yes,No,"Warlock, Wizard",Melee spell attack 3d6 necrotic; you regain half (round down). Repeat as action each turn. Upcast +1d6 per slot.,Basic
Water Breathing,3,Transmutation,1 action,30 feet,V S M (a short reed or piece of straw),24 hours,No,Yes,"Druid, Ranger, Sorcerer, Wizard",Up to 10 creatures breathe underwater.,Basic
Water Walk,3,Transmutation,1 action,30 feet,V S M (piece of cork),1 hour,No,Yes,"Cleric, Druid, Ranger, Sorcerer",Up to 10 creatures walk on liquid surfaces.,Basic
Wind Wall,3,Evocation,1 action,120 feet,V S M (a tiny fan and a feather of exotic origin),Concentration up to 1 minute,Yes,No,"Druid, Ranger",50ft long × 15ft high × 1ft wall. STR save or 3d8 bludgeoning + push. Tiny flying creatures can't pass; ranged ammo deflected.,Basic
Arcane Eye,4,Divination,1 action,30 feet,V S M (bit of bat fur),Concentration up to 1 hour,Yes,No,Wizard,Invisible magical eye 30ft normal vision and 30ft darkvision. Action to move 30ft in any direction.,Basic
Banishment,4,Abjuration,1 action,60 feet,V S M (item distasteful to target),Concentration up to 1 minute,Yes,No,"Cleric, Paladin, Sorcerer, Warlock, Wizard",CHA save or banished to harmless plane (or home plane if not native; permanent if not native and concentration runs full 1 minute). Upcast +1 target per slot.,Basic
Black Tentacles,4,Conjuration,1 action,90 feet,V S M (piece of tentacle from giant octopus or giant squid),Concentration up to 1 minute,Yes,No,Wizard,20ft square difficult terrain. DEX save on entry/start of turn. On fail 3d6 bludgeoning + restrained. Restrained: STR/DEX action to escape.,Basic
Blight,4,Necromancy,1 action,30 feet,V S,Instantaneous,No,No,"Druid, Sorcerer, Warlock, Wizard",CON save half. 8d8 necrotic. Disadvantage if plant. Plant auto-fail. Upcast +1d8 per slot.,Basic
Compulsion,4,Enchantment,1 action,30 feet,V S,Concentration up to 1 minute,Yes,No,Bard,Each visible creature in range WIS save or charmed. Use bonus action to direct: each affected creature uses movement to move toward chosen direction.,Basic
Confusion,4,Enchantment,1 action,90 feet,V S M (3 nut shells),Concentration up to 1 minute,Yes,No,"Bard, Druid, Sorcerer, Wizard",10ft radius sphere. WIS save or random behavior (d10) each turn. Save end of each turn. Upcast +5ft per slot.,Basic
Conjure Minor Elementals,4,Conjuration,1 minute,90 feet,V S,Concentration up to 1 hour,Yes,No,"Druid, Wizard",Summon 1 CR2/2 CR1/4 CR1-2/8 CR1-4 elementals. Upcast: scale.,Basic
Conjure Woodland Beings,4,Conjuration,1 action,60 feet,V S M (one holly berry per creature),Concentration up to 1 hour,Yes,No,"Druid, Ranger",Summon fey: 1 CR2/2 CR1/4 CR1-2/8 CR1-4. Upcast: scale.,Basic
Control Water,4,Transmutation,1 action,300 feet,V S M (drop of water and pinch of dust),Concentration up to 10 minutes,Yes,No,"Cleric, Druid, Wizard",One of: Flood/Part Water/Redirect Flow/Whirlpool. Affects 100ft cube.,Basic
Death Ward,4,Abjuration,1 action,Touch,V S,8 hours,No,No,"Cleric, Paladin","First time target would drop to 0 HP, drop to 1 instead. If hit by death effect, negate. Spell ends.",Basic
Dimension Door,4,Conjuration,1 action,500 feet,V,Instantaneous,No,No,"Bard, Sorcerer, Warlock, Wizard",Teleport self (and one willing creature within 5ft) to specified location.,Basic
Divination,4,Divination,1 action,Self,V S M (incense and offering 25gp - consumed),Instantaneous,No,Yes,"Cleric, Druid",Receive truthful answer about specific goal/event/activity within next 7 days.,Basic
Dominate Beast,4,Enchantment,1 action,60 feet,V S,Concentration up to 1 minute,Yes,No,"Druid, Sorcerer",Beast WIS save or charmed and follow telepathic commands. Save end of each turn (when damaged with advantage). Upcast: 5th=10min/6th=1h/7th+=8h.,Basic
Faithful Hound,4,Conjuration,1 action,30 feet,"V S M (tiny silver whistle, piece of bone, thread)",8 hours,No,No,Wizard,Invisible watchdog. Barks if creature Small or larger within 30ft (audible 100ft). Action to attack provoking creature: +spell attack 4d8 piercing.,Basic
Fire Shield,4,Evocation,1 action,Self,V S M (a bit of phosphorus or a firefly),10 minutes,No,No,Wizard,Bright light 10ft + dim 10. Resistance to chosen (cold OR fire). Creature within 5ft hitting you with melee takes 2d8 damage opposite type.,Basic
Freedom of Movement,4,Abjuration,1 action,Touch,V S M (leather strap bound around the arm or similar appendage),1 hour,No,No,"Bard, Cleric, Druid, Ranger",Movement unaffected by difficult terrain. Spells/effects can't reduce speed or paralyze/restrain. 5ft to escape grapples nonmagically.,Basic
Giant Insect,4,Transmutation,1 action,30 feet,V S,Concentration up to 10 minutes,Yes,No,Druid,Up to 10 centipedes/3 spiders/5 wasps/1 scorpion become giant versions. Obey commands.,Basic
Greater Invisibility,4,Illusion,1 action,Touch,V S,Concentration up to 1 minute,Yes,No,"Bard, Sorcerer, Wizard",Touched creature invisible while attacking and casting.,Basic
Guardian of Faith,4,Conjuration,1 action,30 feet,V,8 hours,No,No,Cleric,Large spectral guardian. Hostile creature within 10ft DEX save half 20 radiant or necrotic. Disappears after 60 damage dealt.,Basic
Hallucinatory Terrain,4,Illusion,10 minutes,300 feet,V S M (stone+twig+green plant),24 hours,No,No,"Bard, Druid, Warlock, Wizard",150ft cube terrain visually disguised. Touch reveals.,Basic
Ice Storm,4,Evocation,1 action,300 feet,V S M (pinch of dust and a few drops of water),Instantaneous,No,No,"Druid, Sorcerer, Wizard",20ft radius × 40ft cylinder. DEX save half. 2d8 bludgeoning + 4d6 cold. Difficult terrain (1 turn). Upcast +1d8 per slot.,Basic
Locate Creature,4,Divination,1 action,Self,V S M (bit of fur from a bloodhound),Concentration up to 1 hour,Yes,No,"Bard, Cleric, Druid, Paladin, Ranger, Wizard",Sense direction of known creature within 1000ft.,Basic
Phantasmal Killer,4,Illusion,1 action,120 feet,V S,Concentration up to 1 minute,Yes,No,Wizard,Target WIS save or frightened. Save end of each turn or take 4d10 psychic. Upcast +1d10 per slot.,Basic
Polymorph,4,Transmutation,1 action,60 feet,V S M (a caterpillar cocoon),Concentration up to 1 hour,Yes,No,"Bard, Druid, Sorcerer, Wizard",WIS save (willing auto-fail). Transformed into beast with CR ≤ target level. New stats; original mind. Damage transfers when shape ends.,Basic
Private Sanctum,4,Abjuration,10 minutes,120 feet,"V S M (thin sheet of lead, piece of opaque glass, wad of cotton or cloth, powdered chrysolite)",24 hours,No,No,Wizard,100ft cube. Sound/divination/teleport/planar travel/scrying blocked.,Basic
Resilient Sphere,4,Evocation,1 action,30 feet,V S M (hemispherical piece of clear crystal and a matching hemispherical piece of gum arabic),Concentration up to 1 minute,Yes,No,Wizard,DEX save (sphere around target). No damage in/out. Sphere can be moved. Disintegrate ends.,Basic
Stone Shape,4,Transmutation,1 action,Touch,V S M (soft clay),Instantaneous,No,No,"Cleric, Druid, Wizard","Form medium stone object: weapon, statue, door, etc.",Basic
Stoneskin,4,Abjuration,1 action,Touch,V S M (diamond dust 100gp - consumed),Concentration up to 1 hour,Yes,No,"Druid, Ranger, Sorcerer, Wizard",Resistance to nonmagical bludgeoning/piercing/slashing.,Basic
Wall of Fire,4,Evocation,1 action,120 feet,V S M (a small piece of phosphorus),Concentration up to 1 minute,Yes,No,"Druid, Sorcerer, Wizard",60ft long × 20ft high × 1ft (or 20ft radius ring × 20ft tall). DEX save half. 5d8 fire on entry/start of turn on hot side. 5d8 to creatures within 10ft of cold side. Upcast +1d8 per slot.,Basic
Animate Objects,5,Transmutation,1 action,120 feet,V S,Concentration up to 1 minute,Yes,No,"Bard, Sorcerer, Wizard",Up to 10 nonmagical objects animate. Stats by size. Upcast +2 per slot above 5th.,Basic
Antilife Shell,5,Abjuration,1 action,Self (10-ft radius),V S,Concentration up to 1 hour,Yes,No,Druid,Living creatures can't enter shell.,Basic
Awaken,5,Transmutation,8 hours,Touch,V S M (an agate worth at least 1000 gp - consumed),Instantaneous,No,No,"Bard, Druid","Beast/plant gains INT 10, languages, charmed for 30 days.",Basic
Cloudkill,5,Conjuration,1 action,120 feet,V S,Concentration up to 10 minutes,Yes,No,"Sorcerer, Wizard",20ft radius poisonous fog. CON save half. 5d8 poison. Heavily obscured. Moves 10ft from caster each round. Upcast +1d8 per slot.,Basic
Commune,5,Divination,1 minute,Self,V S M (incense and a vial of holy/unholy water),1 minute,No,Yes,Cleric,Up to 3 yes/no questions to deity (1 question typical).,Basic
Commune with Nature,5,Divination,1 minute,Self,V S,Instantaneous,No,Yes,"Druid, Ranger",Learn 3 facts about local terrain (3 mile radius outdoors / 300ft underground).,Basic
Conjure Elemental,5,Conjuration,1 minute,90 feet,"V S M (burning incense for air, soft clay for earth, sulfur and phosphorus for fire, water and sand for water)",Concentration up to 1 hour,Yes,No,"Druid, Wizard",Summon CR ≤5 elemental.,Basic
Conjure Volley,5,Conjuration,1 action,150 feet,V S M (one piece of ammunition or a thrown weapon),Instantaneous,No,No,Ranger,40ft radius × 20ft cylinder ammo barrage. DEX save half 8d8 of ammo type.,Basic
Contact Other Plane,5,Divination,1 minute,Self,V,1 minute,No,Yes,"Warlock, Wizard",INT save DC 15 or 6d6 psychic and insane until long rest. Ask up to 5 questions.,Basic
Contagion,5,Necromancy,1 action,Touch,V S,7 days,No,No,"Cleric, Druid",Touch attack. CON save 3 times: 3 fail = poisoned and disease (blinding sickness/filth fever/flesh rot/mindfire/seizure/slimy doom).,Basic
Creation,5,Illusion,1 minute,30 feet,V S M (tiny piece of matter of the same type as item to create),Special,No,No,"Sorcerer, Wizard",Create 5ft cube of nonliving matter. Lasts varies by type (vegetable matter 1 day; stone 1 hour; gems 10 minutes).,Basic
Destructive Wave,5,Evocation,1 action,Self (30-ft radius),V,Instantaneous,No,No,Paladin,CON save half. 5d6 thunder + 5d6 chosen radiant or necrotic. On fail: prone.,Basic
Dispel Evil and Good,5,Abjuration,1 action,Self,V S M (holy water or powdered silver and iron),Concentration up to 1 minute,Yes,No,"Cleric, Paladin",Aberrations/celestials/elementals/fey/fiends/undead disadvantage on attacks vs you. End: dismiss/break enchantment/break possession.,Basic
Dominate Person,5,Enchantment,1 action,60 feet,V S,Concentration up to 1 minute,Yes,No,"Bard, Sorcerer, Wizard",Humanoid WIS save or charmed and command (advantage when damaged). Upcast: 6th=10min/7th=1h/8th+=8h.,Basic
Dream,5,Illusion,1 minute,Special,"V S M (handful of sand, dab of ink, writing quill plucked from sleeping bird)",8 hours,No,No,"Bard, Warlock, Wizard",Touch sleeping creature on same plane. Send/receive message; deliver nightmare (3d6 psychic + no rest).,Basic
Flame Strike,5,Evocation,1 action,60 feet,V S M (pinch of sulfur),Instantaneous,No,No,Cleric,10ft radius × 40ft cylinder. DEX save half. 4d6 fire + 4d6 radiant. Upcast +1d6 fire OR radiant per slot.,Basic
Geas,5,Enchantment,1 minute,60 feet,V,30 days,No,No,"Bard, Cleric, Druid, Paladin, Wizard",WIS save or charmed; if disobeys command 5d10 psychic 1/day. Upcast: duration scales 6th=1y/7-8th=trigger or 1y/9th=until ended.,Basic
Greater Restoration,5,Abjuration,1 action,Touch,V S M (diamond dust 100gp - consumed),Instantaneous,No,No,"Bard, Cleric, Druid",End one: charmed/petrified/curse/HP max reduction/exhaustion level.,Basic
Hallow,5,Evocation,24 hours,Touch,V S M (herbs/oils/incense 1000gp - consumed),Until dispelled,No,No,Cleric,60ft radius. Excludes specified creature type. Adds chosen secondary effect (courage/darkness/daylight/energy protection/everlasting rest/extradimensional interference/fear/silence/tongues).,Basic
Hold Monster,5,Enchantment,1 action,90 feet,V S M (small straight piece of iron),Concentration up to 1 minute,Yes,No,"Bard, Sorcerer, Warlock, Wizard",Non-undead WIS save or paralyzed. Save end of turn. Upcast +1 target per slot.,Basic
Insect Plague,5,Conjuration,1 action,300 feet,"V S M (a few grains of sugar, kernels of grain, smear of fat)",Concentration up to 10 minutes,Yes,No,"Cleric, Druid, Sorcerer",20ft radius locust swarm. Difficult terrain + lightly obscured. CON save half 4d10 piercing on entry/start of turn. Upcast +1d10 per slot.,Basic
Legend Lore,5,Divination,10 minutes,Self,V S M (incense 250gp + 4 ivory strips 50gp each - consumed),Instantaneous,No,No,"Bard, Cleric, Wizard",Brief lore about person/place/object known by name.,Basic
Mass Cure Wounds,5,Evocation,1 action,60 feet,V S,Instantaneous,No,No,"Bard, Cleric, Druid",Up to 6 creatures in 30ft radius regain 3d8 + spellcasting mod HP. Upcast +1d8 per slot.,Basic
Mislead,5,Illusion,1 action,Self,S,Concentration up to 1 hour,Yes,No,"Bard, Wizard",Become invisible + create illusory duplicate. Use action to switch senses with duplicate.,Basic
Modify Memory,5,Enchantment,1 action,30 feet,V S,Concentration up to 1 minute,Yes,No,"Bard, Wizard",WIS save or charmed and incapacitated. Modify memory of past 24h event.,Basic
Passwall,5,Transmutation,1 action,30 feet,V S M (a pinch of sesame seeds),1 hour,No,No,Wizard,5ft × 8ft × 20ft passage through wood/plaster/stone.,Basic
Planar Binding,5,Abjuration,1 hour,60 feet,V S M (jewel worth at least 1000 gp - consumed),24 hours,No,No,"Bard, Cleric, Druid, Wizard",Bind celestial/elemental/fey/fiend to service. CHA save. Upcast: duration scales (10 days/30 days/180 days/1 year).,Basic
Raise Dead,5,Necromancy,1 hour,Touch,V S M (diamond worth 500gp - consumed),Instantaneous,No,No,"Bard, Cleric, Paladin",Restore creature dead ≤10 days. Returns with 1 HP. Penalties for 4 long rests (-4 to attacks/saves/checks).,Basic
Reincarnate,5,Transmutation,1 hour,Touch,V S M (rare oils and unguents 1000gp - consumed),Instantaneous,No,No,Druid,Creature dead ≤10 days returns in new randomly determined humanoid body.,Basic
Scrying,5,Divination,10 minutes,Self,V S M (focus 1000gp pool/mirror/crystal ball),Concentration up to 10 minutes,Yes,No,"Bard, Cleric, Druid, Warlock, Wizard",WIS save by target or you observe via invisible sensor; bonuses/penalties depend on familiarity.,Basic
Seeming,5,Illusion,1 action,30 feet,V S,8 hours,No,No,"Bard, Sorcerer, Wizard",Change appearance of any number of creatures (size +/-1ft). CHA save resists. Reveals to physical inspection.,Basic
Telekinesis,5,Transmutation,1 action,60 feet,V S,Concentration up to 10 minutes,Yes,No,"Sorcerer, Wizard",Action: move target. Creature: STR save vs spell DC. Move 30ft any direction. Object up to 1000lb manipulate.,Basic
Teleportation Circle,5,Conjuration,1 minute,10 feet,V M (rare chalks and inks 50gp - consumed),1 round,No,No,"Bard, Sorcerer, Wizard",10ft circle teleports creatures in to permanent destination circle whose sigil sequence is known.,Basic
Tree Stride,5,Conjuration,1 action,Self,V S,Concentration up to 1 minute,Yes,No,"Druid, Ranger","Move 500ft step into one tree, exit out another of same kind.",Basic
Wall of Force,5,Evocation,1 action,120 feet,V S M (pinch of powder made by crushing a clear gemstone),Concentration up to 10 minutes,Yes,No,Wizard,10× 10ft panels (10 panels × 1in thick). Force barrier - blocks everything except teleport/Disintegrate.,Basic
Wall of Stone,5,Evocation,1 action,120 feet,V S M (small block of granite),Concentration up to 10 minutes,Yes,No,"Druid, Sorcerer, Wizard",10× 10ft panels (6 in thick). After concentration ends if anchored becomes permanent. Upcast +1 panel per slot.,Basic
Blade Barrier,6,Evocation,1 action,90 feet,V S,Concentration up to 10 minutes,Yes,No,Cleric,100ft long × 20ft high × 5ft thick (or 60ft radius ring × 20ft × 5ft). Difficult terrain. DEX save half 6d10 slashing on entry/start of turn.,Basic
Chain Lightning,6,Evocation,1 action,150 feet,"V S M (bit of fur, piece of amber/glass/crystal rod, three silver pins)",Instantaneous,No,No,"Sorcerer, Wizard",Primary target + up to 3 secondaries within 30ft. DEX save half. 10d8 lightning each. Upcast +1 target per slot above 6th.,Basic
Circle of Death,6,Necromancy,1 action,150 feet,V S M (powder of crushed black pearl 500gp - consumed),Instantaneous,No,No,"Sorcerer, Warlock, Wizard",60ft radius. CON save half. 8d6 necrotic. Upcast +2d6 per slot.,Basic
Conjure Fey,6,Conjuration,1 minute,90 feet,V S,Concentration up to 1 hour,Yes,No,"Druid, Warlock",Summon fey CR ≤6.,Basic
Contingency,6,Evocation,10 minutes,Self,V S M (statuette of yourself carved from ivory and decorated with gems 1500gp),10 days,No,No,Wizard,Stored spell ≤5th targets you when trigger occurs.,Basic
Create Undead,6,Necromancy,1 minute,10 feet,V S M (one clay pot filled with grave dirt + one clay pot filled with brackish water + 150gp black onyx stone for each corpse),Instantaneous,No,No,"Cleric, Warlock, Wizard","Create up to 3 ghouls (or higher undead at higher slots). Recast within 24h to maintain. Upcast: 7th=2 ghasts/wights, 8th=4, 9th=6 ghasts/wights/3 mummies.",Basic
Disintegrate,6,Transmutation,1 action,60 feet,V S M (lodestone and pinch of dust),Instantaneous,No,No,"Sorcerer, Wizard",DEX save. On fail 10d6+40 force; if reduces to 0 HP creature is disintegrated. Force damage. Upcast +3d6 per slot.,Basic
Eyebite,6,Necromancy,1 action,Self,V S,Concentration up to 1 minute,Yes,No,"Bard, Sorcerer, Warlock, Wizard",Action each turn: target you can see. WIS save or one of: asleep (6d6 max HP)/panicked (frightened+flee)/sickened (poisoned).,Basic
Find the Path,6,Divination,1 minute,Self,V S M (set of divinatory tools - bones/ivory sticks/cards/teeth/etc. 100gp),Concentration up to 1 day,Yes,No,"Bard, Cleric, Druid",Know shortest path to specified destination on same plane.,Basic
Flesh to Stone,6,Transmutation,1 action,60 feet,"V S M (pinch of lime, water, and earth)",Concentration up to 1 minute,Yes,No,"Warlock, Wizard",CON save 3 times. 1 fail = restrained; 3 fails = petrified for duration; 3 success = ends.,Basic
Forbiddance,6,Abjuration,10 minutes,Touch,V S M (rare incense and powdered ruby 1000gp - consumed),1 day,No,Yes,Cleric,40000 sq ft area. Excludes: travel via planar magic; chosen creature type takes 5d10 radiant or necrotic on entry.,Basic
Globe of Invulnerability,6,Abjuration,1 action,Self (10-ft radius),V S M (glass or crystal bead that shatters when spell ends),Concentration up to 1 minute,Yes,No,"Sorcerer, Wizard",10ft radius. Spells of ≤5th level cast outside have no effect inside. Upcast: ≤slot-1 level.,Basic
Guards and Wards,6,Abjuration,10 minutes,Touch,"V S M (burning incense, small piece of rare wood, crushed gems 10gp, powdered diamond, ruby and emerald 1000gp - consumed)",24 hours,No,No,"Bard, Wizard",Ward 2500 sq ft area: fog/door enchantments/stairs/mist/special trap.,Basic
Harm,6,Necromancy,1 action,60 feet,V S,Instantaneous,No,No,Cleric,CON save half. 14d6 necrotic; HP max reduced (until long rest) by amount damaged.,Basic
Heal,6,Evocation,1 action,60 feet,V S,Instantaneous,No,No,"Cleric, Druid",Restore 70 HP; end blindness/deafness/diseases. Upcast +10 HP per slot.,Basic
Heroes' Feast,6,Conjuration,10 minutes,30 feet,V S M (gem-encrusted bowl 1000gp - consumed),Instantaneous,No,No,"Cleric, Druid",Up to 12 creatures consume feast: cured of diseases/poisons; immune to poison/frightened; advantage on WIS saves; +2d10 max HP and current HP. 24h.,Basic
Instant Summons,6,Conjuration,1 minute,Touch,V S M (sapphire 1000gp),Until dispelled,No,Yes,Wizard,Mark object. Action to summon to hand from anywhere on same plane.,Basic
Irresistible Dance,6,Enchantment,1 action,30 feet,V,Concentration up to 1 minute,Yes,No,"Bard, Wizard",Target dances. -10ft speed. Disadvantage on DEX saves and attacks. WIS save end of turn.,Basic
Magic Jar,6,Necromancy,1 minute,Self,"V S M (a gem, crystal, reliquary, or some other ornamental container worth 500gp+)",Until dispelled,No,No,Wizard,Soul into jar. CHA save when targeting body to possess. Body soul into jar; you control body.,Basic
Mass Suggestion,6,Enchantment,1 action,60 feet,V M (a snake's tongue and either a bit of honeycomb or a drop of sweet oil),24 hours,No,No,"Bard, Sorcerer, Warlock, Wizard",Up to 12 creatures WIS save or follow ≤25 word suggestion. Upcast: 7th=10 days/8th=30/9th=1 year.,Basic
Move Earth,6,Transmutation,1 action,120 feet,V S M (an iron blade and a small bag of fine sand),Concentration up to 2 hours,Yes,No,"Druid, Sorcerer, Wizard",Reshape dirt/sand/clay terrain. 40ft cube. 10 minutes per cube changed.,Basic
Planar Ally,6,Conjuration,10 minutes,60 feet,V S,Instantaneous,No,No,Cleric,Beseech otherworldly entity for one creature's aid (price negotiable; deity-dependent).,Basic
Programmed Illusion,6,Illusion,1 action,120 feet,V S M (a bit of fleece + jade dust 25gp),Until dispelled,No,No,"Bard, Wizard",30ft cube illusion that triggers on condition. Up to 5 minutes of action.,Basic
Sunbeam,6,Evocation,1 action,Self (60-ft line),V S M (a magnifying glass),Concentration up to 1 minute,Yes,No,"Druid, Sorcerer, Wizard",60ft line. CON save half. 6d8 radiant + blinded. Action each turn to fire again.,Basic
True Seeing,6,Divination,1 action,Touch,"V S M (an ointment for the eyes that costs 25 gp; is made from mushroom powder, saffron, and fat - consumed)",1 hour,No,No,"Bard, Cleric, Sorcerer, Warlock, Wizard",Truesight 120ft.,Basic
Wall of Ice,6,Evocation,1 action,120 feet,V S M (a small piece of quartz),Concentration up to 10 minutes,Yes,No,Wizard,10×10 ft panels (10 total) or 10ft radius hemisphere/dome. AC 12; 30 HP per panel. DEX save 10d6 cold on creation if creature in space. Broken: 5d6 cold to creatures within 5ft. Upcast: damage +2d6.,Basic
Wall of Thorns,6,Conjuration,1 action,120 feet,V S M (a handful of thorns),Concentration up to 10 minutes,Yes,No,Druid,60ft long × 10ft high × 5ft thick. DEX save half 7d8 piercing on creation. Difficult terrain + 7d8 slashing on entry/start of turn. Upcast +1d8 each per slot.,Basic
Word of Recall,6,Conjuration,1 action,5 feet,V,Instantaneous,No,No,Cleric,Teleport you and up to 5 willing creatures within 5ft to designated sanctuary.,Basic
Conjure Celestial,7,Conjuration,1 minute,90 feet,V S,Concentration up to 1 hour,Yes,No,Cleric,Summon celestial CR ≤4 (CR 5 at 9th slot).,Basic
Delayed Blast Fireball,7,Evocation,1 action,150 feet,V S M (tiny ball of bat guano and sulfur),Concentration up to 1 minute,Yes,No,"Sorcerer, Wizard",Glowing bead. Each turn +1d6 damage. End: 20ft radius. DEX save half. 12d6 fire (+ accumulated). Upcast: starts at +1d6 per slot.,Basic
Divine Word,7,Evocation,1 bonus action,30 feet,V,Instantaneous,No,No,Cleric,Up to any creature CHA save (HP 20 or less = die). Else: 30 or less stunned 1h; 40 or less deafened 1min; 50 or less blinded 1min.,Basic
Etherealness,7,Transmutation,1 action,Self,V S,Up to 8 hours,No,No,"Bard, Cleric, Sorcerer, Warlock, Wizard",Step into Border Ethereal. Move freely; can't be touched by Material plane. Upcast +1 target per slot above 7th.,Basic
Finger of Death,7,Necromancy,1 action,60 feet,V S,Instantaneous,No,No,"Sorcerer, Warlock, Wizard",CON save half. 7d8+30 necrotic. Killed humanoid rises as zombie under your control on next turn.,Basic
Fire Storm,7,Evocation,1 action,150 feet,V S,Instantaneous,No,No,"Cleric, Druid, Sorcerer",10× 10ft cubes (10 total). DEX save half 7d10 fire.,Basic
Forcecage,7,Evocation,1 action,100 feet,V S M (ruby dust 1500 gp - consumed),1 hour,No,No,"Bard, Warlock, Wizard",20ft cube cage or 10ft cube box. Solid (or barred) force. Teleport CHA save fail.,Basic
Mirage Arcane,7,Illusion,10 minutes,Sight,V S,10 days,No,No,"Bard, Druid, Wizard",1 mile sq terrain reshaped. Solid; tactile; movement matches new terrain.,Basic
Plane Shift,7,Conjuration,1 action,Touch,V S M (forked metal rod 250gp attuned to destination),Instantaneous,No,No,"Cleric, Druid, Sorcerer, Warlock, Wizard",Up to 8 creatures (CHA save willing/unwilling) to other plane. Or banish single target.,Basic
Prismatic Spray,7,Evocation,1 action,Self (60-ft cone),V S,Instantaneous,No,No,"Sorcerer, Wizard",Cone d8 colors per creature: red(10d6 fire)/orange(10d6 acid)/yellow(10d6 lightning)/green(10d6 poison)/blue(10d6 cold)/indigo(restrained then petrified)/violet(blinded then planar)/double effect.,Basic
Project Image,7,Illusion,1 action,500 miles,V S M (a small replica of you made from materials worth 5 gp),Concentration up to 1 day,Yes,No,"Bard, Wizard",Send illusory duplicate to known location. Can see/hear through it; project speech.,Basic
Regenerate,7,Transmutation,1 minute,Touch,V S M (a prayer wheel and holy water),1 hour,No,No,"Bard, Cleric, Druid",Restore 4d8+15 HP + regrow body parts. 1 HP/min for duration.,Basic
Resurrection,7,Necromancy,1 hour,Touch,V S M (diamond 1000gp - consumed),Instantaneous,No,No,"Bard, Cleric",Restore creature dead ≤100 years. Full HP. -4 attacks/saves/checks for 4 long rests.,Basic
Reverse Gravity,7,Transmutation,1 action,100 feet,V S M (a lodestone and iron filings),Concentration up to 1 minute,Yes,No,"Druid, Sorcerer, Wizard",50ft radius × 100ft cylinder. Falling reverses up. DEX save grab fixed object.,Basic
Sequester,7,Transmutation,1 action,Touch,"V S M (a powder composed of diamond, emerald, ruby, and sapphire dust worth at least 5,000 gp - consumed)",Until dispelled,No,No,Wizard,Hide creature/object: invisible + suspended animation if creature.,Basic
Simulacrum,7,Illusion,12 hours,Touch,V S M (snow or ice in quantities sufficient + powdered ruby 1500gp + hair/nail clipping/bit of body part - consumed),Until dispelled,No,No,Wizard,Illusory duplicate of beast/humanoid (max HP halved). No magic. 8h work to repair.,Basic
Symbol,7,Abjuration,1 minute,Touch,"V S M (mercury, phosphorus, and powdered diamond and opal with a total value of at least 1000 gp - consumed)",Until dispelled or triggered,No,No,"Bard, Cleric, Wizard",Glyph triggers chosen mode: death/discord/fear/hopelessness/insanity/pain/sleep/stunning. 60ft radius effect.,Basic
Teleport,7,Conjuration,1 action,10 feet,V,Instantaneous,No,No,"Bard, Sorcerer, Wizard",Up to 8 willing creatures. Familiarity rolls (permanent circle/associated object/very familiar/seen casually/viewed once/false destination).,Basic
Animal Shapes,8,Transmutation,1 action,30 feet,V S,Concentration up to 24 hours,Yes,No,Druid,Transform any number of willing creatures into beasts CR ≤4.,Basic
Antimagic Field,8,Abjuration,1 action,Self (10-ft radius),V S M (a pinch of powdered iron or iron filings),Concentration up to 1 hour,Yes,No,"Cleric, Wizard",Sphere where magic doesn't function: spells suppressed; magic items suppressed; Antimagic Field cancels other Antimagic Field on overlap.,Basic
Clone,8,Necromancy,1 hour,Touch,V S M (diamond 1000gp - consumed + at least 1 cubic inch of flesh from body to be cloned + sealable vessel large enough to hold a Medium creature),Instantaneous,No,No,Wizard,Grow inert clone of creature touched. Soul transfers if original dies.,Basic
Control Weather,8,Transmutation,10 minutes,Self (5-mile radius),V S M (burning incense and bits of earth and wood mixed in water),Concentration up to 8 hours,Yes,No,"Cleric, Druid, Wizard",Change weather (1d4×10 minutes per stage). Precipitation/Temperature/Wind: shift one step in either direction.,Basic
Demiplane,8,Conjuration,1 action,60 feet,S,1 hour,No,No,"Sorcerer, Warlock, Wizard",Door opens to demiplane (30ft cube). Reuse same demiplane.,Basic
Dominate Monster,8,Enchantment,1 action,60 feet,V S,Concentration up to 1 hour,Yes,No,"Bard, Sorcerer, Warlock, Wizard",Creature WIS save or charmed. Telepathic command. Save end of each turn.,Basic
Earthquake,8,Evocation,1 action,500 feet,"V S M (a pinch of dirt, piece of rock, lump of clay)",Concentration up to 1 minute,Yes,No,"Cleric, Druid, Sorcerer",100ft radius. Concentration save (DC 10) for casters. Movement save or fall prone. Fissures (1d6 fissures) = DEX save vs fall to 1d6×10 ft. Structures take 50 bludgeoning per turn.,Basic
Feeblemind,8,Enchantment,1 action,150 feet,"V S M (a handful of clay, crystal, glass, or mineral spheres)",Instantaneous,No,No,"Bard, Druid, Warlock, Wizard",INT save half. 4d6 psychic. On fail INT and CHA = 1; can't cast/understand language. Save every 30 days. End: greater restoration/heal/wish/remove curse.,Basic
Glibness,8,Transmutation,1 action,Self,V,1 hour,No,No,"Bard, Warlock",Replace CHA check d20 with 15. Magic detecting lies report truth.,Basic
Holy Aura,8,Abjuration,1 action,Self,V S M (tiny reliquary worth 1000gp),Concentration up to 1 minute,Yes,No,Cleric,30ft radius. Friendly creatures: advantage on saves; attackers fiend/undead and hit it CON save or blinded.,Basic
Incendiary Cloud,8,Conjuration,1 action,150 feet,V S,Concentration up to 1 minute,Yes,No,"Sorcerer, Wizard",20ft radius cloud. DEX save half 10d8 fire on entry/start of turn. Heavily obscured. Moves 10ft per turn.,Basic
Maze,8,Conjuration,1 action,60 feet,V S,Concentration up to 10 minutes,Yes,No,Wizard,Banish creature to demiplane labyrinth. Action: INT check DC 20 to escape. Returns at end of duration.,Basic
Mind Blank,8,Abjuration,1 action,Touch,V S,24 hours,No,No,"Bard, Wizard",Immune to psychic damage; immune to thought-reading; immune to charm; immune to wish-effects.,Basic
Power Word Stun,8,Enchantment,1 action,60 feet,V,Instantaneous,No,No,"Bard, Sorcerer, Warlock, Wizard",Target with HP ≤150: stunned. Save end of each turn.,Basic
Sunburst,8,Evocation,1 action,150 feet,V S M (fire and a piece of sunstone),Instantaneous,No,No,"Druid, Sorcerer, Wizard",60ft radius. CON save half. 12d6 radiant + blinded 1 minute.,Basic
Telepathy,8,Evocation,1 action,Unlimited,V S M (a pair of linked silver rings),24 hours,No,No,Wizard,Telepathic communication with willing known creature on same plane.,Basic
Astral Projection,9,Necromancy,1 hour,10 feet,V S M (jacinth 1000 gp + ornately carved bar of silver 100 gp - consumed for each willing creature),Special,No,No,"Cleric, Warlock, Wizard",Up to 8 creatures Astral plane projection. Bodies in stasis. Severing silver cord = lost forever.,Basic
Foresight,9,Divination,1 minute,Touch,V S M (a hummingbird feather),8 hours,No,No,"Bard, Druid, Warlock, Wizard",Touched creature: advantage on attacks/saves/checks; attackers disadvantage on attacks vs them.,Basic
Gate,9,Conjuration,1 action,60 feet,V S M (diamond 5000gp),Concentration up to 1 minute,Yes,No,"Cleric, Sorcerer, Wizard",20ft circular portal to another plane. Specify named being to summon (CHA save).,Basic
Imprisonment,9,Abjuration,1 minute,30 feet,V S M (vellum depiction or carved statue of victim + special component varying by version 500gp/HD),Until dispelled,No,No,"Warlock, Wizard",Bind creature: Burial/Chaining/Hedged Prison/Minimus Containment/Slumber. WIS save resists.,Basic
Mass Heal,9,Evocation,1 action,60 feet,V S,Instantaneous,No,No,Cleric,Restore 700 HP divided among any creatures within 60ft. Cures blindness/deafness/disease.,Basic
Meteor Swarm,9,Evocation,1 action,1 mile,V S,Instantaneous,No,No,"Sorcerer, Wizard",4 meteors at chosen 40ft radius spheres. DEX save half. 20d6 fire + 20d6 bludgeoning each.,Basic
Power Word Heal,9,Evocation,1 action,Touch,V S,Instantaneous,No,No,Bard,Touched creature regains all HP; ends charmed/frightened/paralyzed/stunned; up if prone.,Basic
Power Word Kill,9,Enchantment,1 action,60 feet,V,Instantaneous,No,No,"Bard, Sorcerer, Warlock, Wizard",Target with HP ≤100 dies. No save.,Basic
Prismatic Wall,9,Abjuration,1 action,60 feet,V S,10 minutes,No,No,"Bard, Wizard",90ft long × 30ft high or 30ft radius sphere. 7 layers (each 10 HP). Each color different effect: red/orange/yellow/green/blue/indigo/violet. Pass through: damage/condition by layer.,Basic
Shapechange,9,Transmutation,1 action,Self,V S M (jade circlet 1500gp),Concentration up to 1 hour,Yes,No,"Druid, Wizard",Become creature CR ≤ your level. New stats. Repeat as action to change form.,Basic
Storm of Vengeance,9,Conjuration,1 action,Sight,V S,Concentration up to 1 minute,Yes,No,Druid,360ft radius storm. Round 1: thunder (CON save). Round 2: acid rain. Round 3: 6 lightning bolts (DEX). Round 4: 6 hailstones (CON). Rounds 5-10: cold rain (CON or 1d6 cold).,Basic
Time Stop,9,Transmutation,1 action,Self,V,Instantaneous,No,No,"Sorcerer, Wizard",1d4+1 turns of free action. Ends if you affect creature other than self/objects worn or carried by other creatures.,Basic
True Polymorph,9,Transmutation,1 action,30 feet,"V S M (a drop of mercury, a dollop of gum arabic, and a wisp of smoke)",Concentration up to 1 hour,Yes,No,"Bard, Warlock, Wizard",Object↔creature/creature↔creature/object↔object. Lasts duration. After full duration: permanent.,Basic
True Resurrection,9,Necromancy,1 hour,Touch,V S M (a sprinkle of holy water and diamonds 25000gp - consumed),Instantaneous,No,No,"Cleric, Druid",Restore creature dead ≤200 years (any cause). Full HP. New body if needed.,Basic
Weird,9,Illusion,1 action,120 feet,V S,Concentration up to 1 minute,Yes,No,Wizard,Each creature in 30ft radius WIS save or frightened + 4d10 psychic each turn. Save end of each turn.,Basic
Wish,9,Conjuration,1 action,Self,V,Instantaneous,No,No,"Sorcerer, Wizard",Mightiest spell. Duplicate any spell ≤8th OR variant effects (heal 20 creatures/grant +10 AC&saves/recreate magic item/undo turn/etc). Stress: 33% chance never cast wish again; STR 3; -1d10 HP per slot expended; need long rests; -1 AC.,Basic
